GRAPHEME	BIPA	FEATURES	SYMBOLS
b	b	voc:0,con:1,hig:0,bac:0,low:0,ant:1,cor:0,rou:0,ten:0,voi:1,con:0,nas:0,str:0	◌b
c	ts	voc:0,con:1,hig:0,bac:0,low:0,ant:1,cor:1,rou:0,ten:0,voi:0,con:0,nas:0,str:1	◌t ◌s
d	d	voc:0,con:1,hig:0,bac:0,low:0,ant:1,cor:1,rou:0,ten:0,voi:1,con:0,nas:0,str:0	◌d
e	e	voc:1,con:0,hig:0,bac:0,low:0,ant:0,cor:0,rou:0,ten:0,voi:0,con:0,nas:0,str:0	◌e
f	f	voc:0,con:1,hig:0,bac:0,low:0,ant:1,cor:0,rou:0,ten:0,voi:0,con:1,nas:0,str:1	◌f
g	g	voc:0,con:1,hig:1,bac:1,low:0,ant:0,cor:0,rou:0,ten:0,voi:1,con:0,nas:0,str:0	◌g
gʷ	gʷ	voc:0,con:1,hig:1,bac:1,low:0,ant:0,cor:0,rou:1,ten:0,voi:1,con:0,nas:0,str:0	◌g ◌ʷ
h	h	voc:0,con:0,hig:0,bac:0,low:1,ant:0,cor:0,rou:0,ten:0,voi:0,con:1,nas:0,str:0	◌h
i	i	voc:1,con:0,hig:1,bac:0,low:0,ant:0,cor:0,rou:0,ten:0,voi:0,con:0,nas:0,str:0	◌i
j	j	voc:0,con:0,hig:1,bac:0,low:0,ant:0,cor:0,rou:0,ten:0,voi:0,con:0,nas:0,str:0	◌j
k	k	voc:0,con:1,hig:1,bac:1,low:0,ant:0,cor:0,rou:0,ten:0,voi:0,con:0,nas:0,str:0	◌k
kʷ	kʷ	voc:0,con:1,hig:1,bac:1,low:0,ant:0,cor:0,rou:1,ten:0,voi:0,con:0,nas:0,str:0	◌k ◌ʷ
l	l	voc:1,con:1,hig:0,bac:0,low:0,ant:1,cor:1,rou:0,ten:0,voi:1,con:1,nas:0,str:0	◌l
m	m	voc:0,con:1,hig:0,bac:0,low:0,ant:1,cor:0,rou:0,ten:0,voi:1,con:0,nas:1,str:0	◌m
n	n	voc:0,con:1,hig:0,bac:0,low:0,ant:1,cor:1,rou:0,ten:0,voi:1,con:0,nas:1,str:0	◌n
o	o	voc:1,con:0,hig:0,bac:1,low:0,ant:0,cor:0,rou:1,ten:0,voi:0,con:0,nas:0,str:0	◌o
p	p	voc:0,con:1,hig:0,bac:0,low:0,ant:1,cor:0,rou:0,ten:0,voi:0,con:0,nas:0,str:0	◌p
r	r	voc:1,con:1,hig:0,bac:0,low:0,ant:0,cor:1,rou:0,ten:0,voi:1,con:1,nas:0,str:0	◌r
s	s	voc:0,con:1,hig:0,bac:0,low:0,ant:1,cor:1,rou:0,ten:0,voi:0,con:1,nas:0,str:1	◌s
u	u	voc:1,con:0,hig:1,bac:1,low:0,ant:0,cor:0,rou:1,ten:0,voi:0,con:0,nas:0,str:0	◌u
v	v	voc:0,con:1,hig:0,bac:0,low:0,ant:1,cor:0,rou:0,ten:0,voi:1,con:1,nas:0,str:1	◌v
w	w	voc:0,con:0,hig:1,bac:1,low:0,ant:0,cor:0,rou:1,ten:0,voi:0,con:0,nas:0,str:0	◌w
x	x	voc:0,con:1,hig:1,bac:1,low:0,ant:0,cor:0,rou:0,ten:0,voi:0,con:1,nas:0,str:0	◌x
xʷ	xʷ	voc:0,con:1,hig:1,bac:1,low:0,ant:0,cor:0,rou:1,ten:0,voi:0,con:1,nas:0,str:0	◌x ◌ʷ
y	t	voc:0,con:1,hig:0,bac:0,low:0,ant:1,cor:1,rou:0,ten:0,voi:0,con:0,nas:0,str:0	◌t
z	z	voc:0,con:1,hig:0,bac:0,low:0,ant:1,cor:1,rou:0,ten:0,voi:1,con:1,nas:0,str:1	◌z
æ	æ	voc:1,con:0,hig:0,bac:0,low:1,ant:0,cor:0,rou:0,ten:1,voi:0,con:0,nas:0,str:0	◌æ
æ	æ	voc:1,con:0,hig:0,bac:0,low:1,ant:0,cor:0,rou:0,ten:0,voi:0,con:0,nas:0,str:0	◌æ
ð	ð	voc:0,con:1,hig:0,bac:0,low:0,ant:1,cor:1,rou:0,ten:0,voi:1,con:1,nas:0,str:0	◌ð
ā	aː	voc:1,con:0,hig:0,bac:1,low:1,ant:0,cor:0,rou:0,ten:1,voi:0,con:0,nas:0,str:0	◌a ◌ː
č	tʃ	voc:0,con:1,hig:1,bac:0,low:0,ant:0,cor:1,rou:0,ten:0,voi:0,con:0,nas:0,str:1	◌t ◌ʃ
ē	eː	voc:1,con:0,hig:0,bac:0,low:0,ant:0,cor:0,rou:0,ten:1,voi:0,con:0,nas:0,str:0	◌e ◌ː
ī	iː	voc:1,con:0,hig:1,bac:0,low:0,ant:0,cor:0,rou:0,ten:1,voi:0,con:0,nas:0,str:0	◌i ◌ː
ŋ	ŋ	voc:0,con:1,hig:1,bac:1,low:0,ant:0,cor:0,rou:0,ten:0,voi:1,con:0,nas:1,str:0	◌ŋ
ō	oː	voc:1,con:0,hig:0,bac:1,low:0,ant:0,cor:0,rou:1,ten:1,voi:0,con:0,nas:0,str:0	◌o ◌ː
œ̄	œː	voc:1,con:0,hig:0,bac:0,low:1,ant:0,cor:0,rou:1,ten:1,voi:0,con:0,nas:0,str:0	◌œ ◌ː
š	ʃ	voc:0,con:1,hig:1,bac:0,low:0,ant:0,cor:1,rou:0,ten:0,voi:0,con:1,nas:0,str:1	◌ʃ
ū	uː	voc:1,con:0,hig:1,bac:1,low:0,ant:0,cor:0,rou:1,ten:1,voi:0,con:0,nas:0,str:0	◌u ◌ː
ž	ʒ	voc:0,con:1,hig:1,bac:0,low:0,ant:0,cor:1,rou:0,ten:0,voi:1,con:1,nas:0,str:1	◌ʒ
ǰ	dʒ	voc:0,con:1,hig:1,bac:0,low:0,ant:0,cor:1,rou:0,ten:0,voi:1,con:0,nas:0,str:1	◌d ◌ʒ
ɔ	ɔ	voc:1,con:0,hig:0,bac:1,low:1,ant:0,cor:0,rou:1,ten:0,voi:0,con:0,nas:0,str:0	◌ɔ
ɔ̄	ɔː	voc:1,con:0,hig:0,bac:1,low:1,ant:0,cor:0,rou:1,ten:1,voi:0,con:0,nas:0,str:0	◌ɔ ◌ː
ɛ	ɛ	voc:0,con:0,hig:0,bac:0,low:0,ant:0,cor:0,rou:0,ten:0,voi:0,con:0,nas:0,str:0	◌ɛ
ɨ̄	ɨː	voc:1,con:0,hig:1,bac:1,low:0,ant:0,cor:0,rou:0,ten:1,voi:0,con:0,nas:0,str:0	◌ɨ ◌ː
ʌ	ʌ	voc:1,con:0,hig:0,bac:1,low:0,ant:0,cor:0,rou:0,ten:0,voi:0,con:0,nas:0,str:0	◌ʌ
θ	θ	voc:0,con:1,hig:0,bac:0,low:0,ant:1,cor:1,rou:0,ten:0,voi:0,con:1,nas:0,str:0	◌θ
