BIPA	GRAPHEME	URL	SYMBOLS
<NA>	#	https://chridd.nfshost.com/diachronica/search?q=%23	
<NA>	#_	https://chridd.nfshost.com/diachronica/search?q=%23_	
<NA>	$	https://chridd.nfshost.com/diachronica/search?q=%24	
<NA>	%	https://chridd.nfshost.com/diachronica/search?q=%25	
<NA>	&	https://chridd.nfshost.com/diachronica/search?q=%26	
<NA>	:	https://chridd.nfshost.com/diachronica/search?q=%3a	
<NA>	@	https://chridd.nfshost.com/diachronica/search?q=%40	
<NA>	A	https://chridd.nfshost.com/diachronica/search?q=A	
<NA>	B	https://chridd.nfshost.com/diachronica/search?q=B	
<NA>	C	https://chridd.nfshost.com/diachronica/search?q=C	
<NA>	D	https://chridd.nfshost.com/diachronica/search?q=D	
<NA>	E	https://chridd.nfshost.com/diachronica/search?q=E	
<NA>	F	https://chridd.nfshost.com/diachronica/search?q=F	
<NA>	G	https://chridd.nfshost.com/diachronica/search?q=G	
<NA>	H	https://chridd.nfshost.com/diachronica/search?q=H	
<NA>	I	https://chridd.nfshost.com/diachronica/search?q=I	
<NA>	J	https://chridd.nfshost.com/diachronica/search?q=J	
<NA>	K	https://chridd.nfshost.com/diachronica/search?q=K	
<NA>	L	https://chridd.nfshost.com/diachronica/search?q=L	
<NA>	M	https://chridd.nfshost.com/diachronica/search?q=M	
<NA>	N	https://chridd.nfshost.com/diachronica/search?q=N	
<NA>	O	https://chridd.nfshost.com/diachronica/search?q=O	
<NA>	P	https://chridd.nfshost.com/diachronica/search?q=P	
<NA>	Q	https://chridd.nfshost.com/diachronica/search?q=Q	
<NA>	R	https://chridd.nfshost.com/diachronica/search?q=R	
<NA>	S	https://chridd.nfshost.com/diachronica/search?q=S	
<NA>	T	https://chridd.nfshost.com/diachronica/search?q=T	
<NA>	U	https://chridd.nfshost.com/diachronica/search?q=U	
<NA>	V	https://chridd.nfshost.com/diachronica/search?q=V	
<NA>	W	https://chridd.nfshost.com/diachronica/search?q=W	
<NA>	X	https://chridd.nfshost.com/diachronica/search?q=X	
<NA>	Y	https://chridd.nfshost.com/diachronica/search?q=Y	
<NA>	Z	https://chridd.nfshost.com/diachronica/search?q=Z	
<NA>	_#	https://chridd.nfshost.com/diachronica/search?q=_%23	
<NA>	n̲	https://chridd.nfshost.com/diachronica/search?q=n%cc%b2	
<NA>	n̲ː	https://chridd.nfshost.com/diachronica/search?q=n%cc%b2%cb%90	
<NA>	r̀	https://chridd.nfshost.com/diachronica/search?q=r%cc%80	
<NA>	ŕ	https://chridd.nfshost.com/diachronica/search?q=r%cc%81	
<NA>	r̲	https://chridd.nfshost.com/diachronica/search?q=r%cc%b2	
<NA>	ś	https://chridd.nfshost.com/diachronica/search?q=s%cc%81	
<NA>	ɡ̌	https://chridd.nfshost.com/diachronica/search?q=%c9%a1%cc%8c	
<NA>	ʰ	https://chridd.nfshost.com/diachronica/search?q=%ca%b0	
<NA>	ʱ	https://chridd.nfshost.com/diachronica/search?q=%ca%b1	
<NA>	ʲ	https://chridd.nfshost.com/diachronica/search?q=%ca%b2	
<NA>	ʷ	https://chridd.nfshost.com/diachronica/search?q=%ca%b7	
<NA>	ʼ	https://chridd.nfshost.com/diachronica/search?q=%ca%bc	
<NA>	ʼd	https://chridd.nfshost.com/diachronica/search?q=%ca%bcd	
<NA>	ʼk	https://chridd.nfshost.com/diachronica/search?q=%ca%bck	
<NA>	ʼm	https://chridd.nfshost.com/diachronica/search?q=%ca%bcm	
<NA>	ʼn	https://chridd.nfshost.com/diachronica/search?q=%ca%bcn	
<NA>	ʼp	https://chridd.nfshost.com/diachronica/search?q=%ca%bcp	
<NA>	ʼt	https://chridd.nfshost.com/diachronica/search?q=%ca%bct	
<NA>	ʼɟ	https://chridd.nfshost.com/diachronica/search?q=%ca%bc%c9%9f	
<NA>	ʼɲ	https://chridd.nfshost.com/diachronica/search?q=%ca%bc%c9%b2	
<NA>	ˀ	https://chridd.nfshost.com/diachronica/search?q=%cb%80	
<NA>	ː	https://chridd.nfshost.com/diachronica/search?q=%cb%90	
<NA>	ˑ	https://chridd.nfshost.com/diachronica/search?q=%cb%91	
<NA>	ˤ	https://chridd.nfshost.com/diachronica/search?q=%cb%a4	
<NA>	Ω	https://chridd.nfshost.com/diachronica/search?q=%ce%a9	
<NA>	ъ	https://chridd.nfshost.com/diachronica/search?q=%d1%8a	
<NA>	ь	https://chridd.nfshost.com/diachronica/search?q=%d1%8c	
<NA>	ᵚ	https://chridd.nfshost.com/diachronica/search?q=%e1%b5%9a	
<NA>	”	https://chridd.nfshost.com/diachronica/search?q=%e2%80%9d	
<NA>	…	https://chridd.nfshost.com/diachronica/search?q=%e2%80%a6	
<NA>	∅	https://chridd.nfshost.com/diachronica/search?q=%e2%88%85	
<NA>	◌̀	https://chridd.nfshost.com/diachronica/search?q=%cc%80	
<NA>	◌́	https://chridd.nfshost.com/diachronica/search?q=%cc%81	
<NA>	◌̂	https://chridd.nfshost.com/diachronica/search?q=%cc%82	
<NA>	◌̃	https://chridd.nfshost.com/diachronica/search?q=%cc%83	
<NA>	◌̄	https://chridd.nfshost.com/diachronica/search?q=%cc%84	
<NA>	◌̆	https://chridd.nfshost.com/diachronica/search?q=%cc%86	
<NA>	◌̈	https://chridd.nfshost.com/diachronica/search?q=%cc%88	
<NA>	◌̊	https://chridd.nfshost.com/diachronica/search?q=%cc%8a	
<NA>	◌̌	https://chridd.nfshost.com/diachronica/search?q=%cc%8c	
<NA>	◌̚	https://chridd.nfshost.com/diachronica/search?q=%cc%9a	
<NA>	◌̝	https://chridd.nfshost.com/diachronica/search?q=%cc%9d	
<NA>	◌̞	https://chridd.nfshost.com/diachronica/search?q=%cc%9e	
<NA>	◌̥	https://chridd.nfshost.com/diachronica/search?q=%cc%a5	
<NA>	◌̩	https://chridd.nfshost.com/diachronica/search?q=%cc%a9	
<NA>	◌̪	https://chridd.nfshost.com/diachronica/search?q=%cc%aa	
<NA>	◌̬	https://chridd.nfshost.com/diachronica/search?q=%cc%ac	
<NA>	◌̯	https://chridd.nfshost.com/diachronica/search?q=%cc%af	
<NA>	◌̰	https://chridd.nfshost.com/diachronica/search?q=%cc%b0	
<NA>	◌̲	https://chridd.nfshost.com/diachronica/search?q=%cc%b2	
<NA>	◌̺	https://chridd.nfshost.com/diachronica/search?q=%cc%ba	
<NA>	◌̻	https://chridd.nfshost.com/diachronica/search?q=%cc%bb	
<NA>	◌̼	https://chridd.nfshost.com/diachronica/search?q=%cc%bc	
<NA>	◌͜	https://chridd.nfshost.com/diachronica/search?q=%cd%9c	
<NA>	◌͡	https://chridd.nfshost.com/diachronica/search?q=%cd%a1	
<NA>	◌͡ʰ	https://chridd.nfshost.com/diachronica/search?q=%cd%a1%ca%b0	
+	+	https://chridd.nfshost.com/diachronica/search?q=%2b	
¹	1	https://chridd.nfshost.com/diachronica/search?q=1	◌¹
²	2	https://chridd.nfshost.com/diachronica/search?q=2	◌²
³	3	https://chridd.nfshost.com/diachronica/search?q=3	◌³
⁴	4	https://chridd.nfshost.com/diachronica/search?q=4	◌⁴
⁵	5	https://chridd.nfshost.com/diachronica/search?q=5	◌⁵
a	a	https://chridd.nfshost.com/diachronica/search?q=a	◌a
aː	aː	https://chridd.nfshost.com/diachronica/search?q=a%cb%90	◌a ◌ː
ã	ã	https://chridd.nfshost.com/diachronica/search?q=a%cc%83	◌a ◌̃
ãː	ãː	https://chridd.nfshost.com/diachronica/search?q=a%cc%83%cb%90	◌a ◌̃ ◌ː
ā	ā	https://chridd.nfshost.com/diachronica/search?q=a%cc%84	◌a ◌̄
ă	ă	https://chridd.nfshost.com/diachronica/search?q=a%cc%86	◌a ◌̆
ḁ	å	https://chridd.nfshost.com/diachronica/search?q=a%cc%8a	◌a ◌̥
a̯	a̯	https://chridd.nfshost.com/diachronica/search?q=a%cc%af	◌a ◌̯
a̰	a̰	https://chridd.nfshost.com/diachronica/search?q=a%cc%b0	◌a ◌̰
b	b	https://chridd.nfshost.com/diachronica/search?q=b	◌b
bʰ	bʰ	https://chridd.nfshost.com/diachronica/search?q=b%ca%b0	◌b ◌ʰ
bʱ	bʱ	https://chridd.nfshost.com/diachronica/search?q=b%ca%b1	◌b ◌ʱ
bʲ	bʲ	https://chridd.nfshost.com/diachronica/search?q=b%ca%b2	◌b ◌ʲ
bʷ	bʷ	https://chridd.nfshost.com/diachronica/search?q=b%ca%b7	◌b ◌ʷ
bʲʷ	bʷʲ	https://chridd.nfshost.com/diachronica/search?q=b%ca%b7%ca%b2	◌b ◌ʲ ◌ʷ
bʼ	bʼ	https://chridd.nfshost.com/diachronica/search?q=b%ca%bc	◌b ◌’
bː	bː	https://chridd.nfshost.com/diachronica/search?q=b%cb%90	◌b ◌ː
bˤ	bˤ	https://chridd.nfshost.com/diachronica/search?q=b%cb%a4	◌b ◌ˤ
b̚	b̚	https://chridd.nfshost.com/diachronica/search?q=b%cc%9a	◌b ◌̚
c	c	https://chridd.nfshost.com/diachronica/search?q=c	◌c
cʰ	cʰ	https://chridd.nfshost.com/diachronica/search?q=c%ca%b0	◌c ◌ʰ
cʰː	cʰː	https://chridd.nfshost.com/diachronica/search?q=c%ca%b0%cb%90	◌c ◌ʰ ◌ː
cʷ	cʷ	https://chridd.nfshost.com/diachronica/search?q=c%ca%b7	◌c ◌ʷ
cʷː	cʷː	https://chridd.nfshost.com/diachronica/search?q=c%ca%b7%cb%90	◌c ◌ʷ ◌ː
cː	cː	https://chridd.nfshost.com/diachronica/search?q=c%cb%90	◌c ◌ː
c̚	c̚	https://chridd.nfshost.com/diachronica/search?q=c%cc%9a	◌c ◌̚
d	d	https://chridd.nfshost.com/diachronica/search?q=d	◌d
dʰ	dʰ	https://chridd.nfshost.com/diachronica/search?q=d%ca%b0	◌d ◌ʰ
dʱ	dʱ	https://chridd.nfshost.com/diachronica/search?q=d%ca%b1	◌d ◌ʱ
dʱː	dʱː	https://chridd.nfshost.com/diachronica/search?q=d%ca%b1%cb%90	◌d ◌ʱ ◌ː
dʲ	dʲ	https://chridd.nfshost.com/diachronica/search?q=d%ca%b2	◌d ◌ʲ
dʷ	dʷ	https://chridd.nfshost.com/diachronica/search?q=d%ca%b7	◌d ◌ʷ
dʼ	dʼ	https://chridd.nfshost.com/diachronica/search?q=d%ca%bc	◌d ◌’
dː	dː	https://chridd.nfshost.com/diachronica/search?q=d%cb%90	◌d ◌ː
dˤ	dˤ	https://chridd.nfshost.com/diachronica/search?q=d%cb%a4	◌d ◌ˤ
d̪	d̪	https://chridd.nfshost.com/diachronica/search?q=d%cc%aa	◌d ◌̪
dz	d͜z	https://chridd.nfshost.com/diachronica/search?q=d%cd%9cz	◌d ◌z
e	e	https://chridd.nfshost.com/diachronica/search?q=e	◌e
eː	eː	https://chridd.nfshost.com/diachronica/search?q=e%cb%90	◌e ◌ː
eːi̯	eːʲ	https://chridd.nfshost.com/diachronica/search?q=e%cb%90%ca%b2	◌e ◌ː ◌i ◌̯
è	è	https://chridd.nfshost.com/diachronica/search?q=e%cc%80	◌e ◌̀
é	é	https://chridd.nfshost.com/diachronica/search?q=e%cc%81	◌e ◌́
ê	ê	https://chridd.nfshost.com/diachronica/search?q=e%cc%82	◌e ◌̂
ẽ	ẽ	https://chridd.nfshost.com/diachronica/search?q=e%cc%83	◌e ◌̃
ẽː	ẽː	https://chridd.nfshost.com/diachronica/search?q=e%cc%83%cb%90	◌e ◌̃ ◌ː
ē	ē	https://chridd.nfshost.com/diachronica/search?q=e%cc%84	◌e ◌̄
ë	ë	https://chridd.nfshost.com/diachronica/search?q=e%cc%88	◌e ◌̈
e̯	e̯	https://chridd.nfshost.com/diachronica/search?q=e%cc%af	◌e ◌̯
ḛ	ḛ	https://chridd.nfshost.com/diachronica/search?q=e%cc%b0	◌e ◌̰
f	f	https://chridd.nfshost.com/diachronica/search?q=f	◌f
fʲ	fʲ	https://chridd.nfshost.com/diachronica/search?q=f%ca%b2	◌f ◌ʲ
fʼ	fʼ	https://chridd.nfshost.com/diachronica/search?q=f%ca%bc	◌f ◌ʼ
fː	fː	https://chridd.nfshost.com/diachronica/search?q=f%cb%90	◌f ◌ː
f̩	f̩	https://chridd.nfshost.com/diachronica/search?q=f%cc%a9	◌f ◌̩
h	h	https://chridd.nfshost.com/diachronica/search?q=h	◌h
hʷ	hʷ	https://chridd.nfshost.com/diachronica/search?q=h%ca%b7	◌h ◌ʷ
hː	hː	https://chridd.nfshost.com/diachronica/search?q=h%cb%90	◌h ◌ː
h̃	h̃	https://chridd.nfshost.com/diachronica/search?q=h%cc%83	◌h ◌̃
h̃ʷ	h̃ʷ	https://chridd.nfshost.com/diachronica/search?q=h%cc%83%ca%b7	◌h ◌̃ ◌ʷ
i	i	https://chridd.nfshost.com/diachronica/search?q=i	◌i
iː	iː	https://chridd.nfshost.com/diachronica/search?q=i%cb%90	◌i ◌ː
í	í	https://chridd.nfshost.com/diachronica/search?q=i%cc%81	◌i ◌́
î	î	https://chridd.nfshost.com/diachronica/search?q=i%cc%82	◌i ◌̂
ĩ	ĩ	https://chridd.nfshost.com/diachronica/search?q=i%cc%83	◌i ◌̃
ĭ	ĭ	https://chridd.nfshost.com/diachronica/search?q=i%cc%86	◌i ◌̆
i̯	i̯	https://chridd.nfshost.com/diachronica/search?q=i%cc%af	◌i ◌̯
ḭ	ḭ	https://chridd.nfshost.com/diachronica/search?q=i%cc%b0	◌i ◌̰
j	j	https://chridd.nfshost.com/diachronica/search?q=j	◌j
jʰ	jʰ	https://chridd.nfshost.com/diachronica/search?q=j%ca%b0	◌j ◌ʰ
jˀ	jˀ	https://chridd.nfshost.com/diachronica/search?q=j%cb%80	◌j ◌ˀ
jː	jː	https://chridd.nfshost.com/diachronica/search?q=j%cb%90	◌j ◌ː
j̃	j̃	https://chridd.nfshost.com/diachronica/search?q=j%cc%83	◌j ◌̃
j̊	j̊	https://chridd.nfshost.com/diachronica/search?q=j%cc%8a	◌j ◌̊
k	k	https://chridd.nfshost.com/diachronica/search?q=k	◌k
kʰ	kʰ	https://chridd.nfshost.com/diachronica/search?q=k%ca%b0	◌k ◌ʰ
kʷʰ	kʰʷ	https://chridd.nfshost.com/diachronica/search?q=k%ca%b0%ca%b7	◌k ◌ʷ ◌ʰ
kʲ	kʲ	https://chridd.nfshost.com/diachronica/search?q=k%ca%b2	◌k ◌ʲ
kʲʷː	kʲʷː	https://chridd.nfshost.com/diachronica/search?q=k%ca%b2%ca%b7%cb%90	◌k ◌ʲ ◌ʷ ◌ː
kʼʲ	kʲʼ	https://chridd.nfshost.com/diachronica/search?q=k%ca%b2%ca%bc	◌k ◌’ ◌ʲ
kʲː	kʲː	https://chridd.nfshost.com/diachronica/search?q=k%ca%b2%cb%90	◌k ◌ʲ ◌ː
kʷ	kʷ	https://chridd.nfshost.com/diachronica/search?q=k%ca%b7	◌k ◌ʷ
kʷʰ	kʷʰ	https://chridd.nfshost.com/diachronica/search?q=k%ca%b7%ca%b0	◌k ◌ʷ ◌ʰ
kʼʲʷ	kʷʲʼ	https://chridd.nfshost.com/diachronica/search?q=k%ca%b7%ca%b2%ca%bc	◌k ◌’ ◌ʲ ◌ʷ
kʼʷ	kʷʼ	https://chridd.nfshost.com/diachronica/search?q=k%ca%b7%ca%bc	◌k ◌ʼ ◌ʷ
kʷː	kʷː	https://chridd.nfshost.com/diachronica/search?q=k%ca%b7%cb%90	◌k ◌ʷ ◌ː
kʼ	kʼ	https://chridd.nfshost.com/diachronica/search?q=k%ca%bc	◌k ◌ʼ
kː	kː	https://chridd.nfshost.com/diachronica/search?q=k%cb%90	◌k ◌ː
kʼː	kːʼ	https://chridd.nfshost.com/diachronica/search?q=k%cb%90%ca%bc	◌k ◌’ ◌ː
kˑ	kˑ	https://chridd.nfshost.com/diachronica/search?q=k%cb%91	◌k ◌ˑ
kˤ	kˤ	https://chridd.nfshost.com/diachronica/search?q=k%cb%a4	◌k ◌ˤ
kʲ	ḱ	https://chridd.nfshost.com/diachronica/search?q=k%cc%81	◌k ◌ʲ
kʲː	ḱː	https://chridd.nfshost.com/diachronica/search?q=k%cc%81%cb%90	◌k ◌ʲ ◌ː
kp	k͜p	https://chridd.nfshost.com/diachronica/search?q=k%cd%9cp	◌k ◌p
l	l	https://chridd.nfshost.com/diachronica/search?q=l	◌l
lʰ	lʰ	https://chridd.nfshost.com/diachronica/search?q=l%ca%b0	◌l ◌ʰ
lʲ	lʲ	https://chridd.nfshost.com/diachronica/search?q=l%ca%b2	◌l ◌ʲ
lʼ	lʼ	https://chridd.nfshost.com/diachronica/search?q=l%ca%bc	◌l ◌’
lː	lː	https://chridd.nfshost.com/diachronica/search?q=l%cb%90	◌l ◌ː
lʲː	lːʲ	https://chridd.nfshost.com/diachronica/search?q=l%cb%90%ca%b2	◌l ◌ʲ ◌ː
l̃	l̃	https://chridd.nfshost.com/diachronica/search?q=l%cc%83	◌l ◌̃
l̥	l̥	https://chridd.nfshost.com/diachronica/search?q=l%cc%a5	◌l ◌̥
l̩	l̩	https://chridd.nfshost.com/diachronica/search?q=l%cc%a9	◌l ◌̩
l̩ː	l̩ː	https://chridd.nfshost.com/diachronica/search?q=l%cc%a9%cb%90	◌l ◌̩ ◌ː
m	m	https://chridd.nfshost.com/diachronica/search?q=m	◌m
mʲ	mʲ	https://chridd.nfshost.com/diachronica/search?q=m%ca%b2	◌m ◌ʲ
mʷ	mʷ	https://chridd.nfshost.com/diachronica/search?q=m%ca%b7	◌m ◌ʷ
mˀ	mˀ	https://chridd.nfshost.com/diachronica/search?q=m%cb%80	◌m ◌ˀ
mː	mː	https://chridd.nfshost.com/diachronica/search?q=m%cb%90	◌m ◌ː
mˤ	mˤ	https://chridd.nfshost.com/diachronica/search?q=m%cb%a4	◌m ◌ˤ
m̥	m̥	https://chridd.nfshost.com/diachronica/search?q=m%cc%a5	◌m ◌̥
m̩	m̩	https://chridd.nfshost.com/diachronica/search?q=m%cc%a9	◌m ◌̩
n	n	https://chridd.nfshost.com/diachronica/search?q=n	◌n
nʲ	nʲ	https://chridd.nfshost.com/diachronica/search?q=n%ca%b2	◌n ◌ʲ
nˀ	nˀ	https://chridd.nfshost.com/diachronica/search?q=n%cb%80	◌n ◌ˀ
nː	nː	https://chridd.nfshost.com/diachronica/search?q=n%cb%90	◌n ◌ː
n̥	n̥	https://chridd.nfshost.com/diachronica/search?q=n%cc%a5	◌n ◌̥
n̩	n̩	https://chridd.nfshost.com/diachronica/search?q=n%cc%a9	◌n ◌̩
n̩ː	n̩ː	https://chridd.nfshost.com/diachronica/search?q=n%cc%a9%cb%90	◌n ◌̩ ◌ː
n̪	n̪	https://chridd.nfshost.com/diachronica/search?q=n%cc%aa	◌n ◌̪
n̼	n̼	https://chridd.nfshost.com/diachronica/search?q=n%cc%bc	◌n ◌̼
o	o	https://chridd.nfshost.com/diachronica/search?q=o	◌o
oː	oː	https://chridd.nfshost.com/diachronica/search?q=o%cb%90	◌o ◌ː
oːu̯	oːʷ	https://chridd.nfshost.com/diachronica/search?q=o%cb%90%ca%b7	◌o ◌ː ◌u ◌̯
ò	ò	https://chridd.nfshost.com/diachronica/search?q=o%cc%80	◌o ◌̀
ó	ó	https://chridd.nfshost.com/diachronica/search?q=o%cc%81	◌o ◌́
ô	ô	https://chridd.nfshost.com/diachronica/search?q=o%cc%82	◌o ◌̂
õ	õ	https://chridd.nfshost.com/diachronica/search?q=o%cc%83	◌o ◌̃
õː	õː	https://chridd.nfshost.com/diachronica/search?q=o%cc%83%cb%90	◌o ◌̃ ◌ː
ŏ	ŏ	https://chridd.nfshost.com/diachronica/search?q=o%cc%86	◌o ◌̆
o̯	o̯	https://chridd.nfshost.com/diachronica/search?q=o%cc%af	◌o ◌̯
o̰	o̰	https://chridd.nfshost.com/diachronica/search?q=o%cc%b0	◌o ◌̰
p	p	https://chridd.nfshost.com/diachronica/search?q=p	◌p
pʰ	pʰ	https://chridd.nfshost.com/diachronica/search?q=p%ca%b0	◌p ◌ʰ
pʲ	pʲ	https://chridd.nfshost.com/diachronica/search?q=p%ca%b2	◌p ◌ʲ
pʼʲ	pʲʼ	https://chridd.nfshost.com/diachronica/search?q=p%ca%b2%ca%bc	◌p ◌’ ◌ʲ
pʲː	pʲː	https://chridd.nfshost.com/diachronica/search?q=p%ca%b2%cb%90	◌p ◌ʲ ◌ː
pʷ	pʷ	https://chridd.nfshost.com/diachronica/search?q=p%ca%b7	◌p ◌ʷ
pʲʷ	pʷʲ	https://chridd.nfshost.com/diachronica/search?q=p%ca%b7%ca%b2	◌p ◌ʲ ◌ʷ
pʼʲʷ	pʷʲʼ	https://chridd.nfshost.com/diachronica/search?q=p%ca%b7%ca%b2%ca%bc	◌p ◌’ ◌ʲ ◌ʷ
pʼʷ	pʷʼ	https://chridd.nfshost.com/diachronica/search?q=p%ca%b7%ca%bc	◌p ◌’ ◌ʷ
pʼ	pʼ	https://chridd.nfshost.com/diachronica/search?q=p%ca%bc	◌p ◌ʼ
pː	pː	https://chridd.nfshost.com/diachronica/search?q=p%cb%90	◌p ◌ː
pˑ	pˑ	https://chridd.nfshost.com/diachronica/search?q=p%cb%91	◌p ◌ˑ
pˤ	pˤ	https://chridd.nfshost.com/diachronica/search?q=p%cb%a4	◌p ◌ˤ
pʼˤ	pˤʼ	https://chridd.nfshost.com/diachronica/search?q=p%cb%a4%ca%bc	◌p ◌’ ◌ˤ
pˤː	pˤː	https://chridd.nfshost.com/diachronica/search?q=p%cb%a4%cb%90	◌p ◌ˤ ◌ː
q	q	https://chridd.nfshost.com/diachronica/search?q=q	◌q
qʰ	qʰ	https://chridd.nfshost.com/diachronica/search?q=q%ca%b0	◌q ◌ʰ
qʲ	qʲ	https://chridd.nfshost.com/diachronica/search?q=q%ca%b2	◌q ◌ʲ
qʲʷ	qʲʷ	https://chridd.nfshost.com/diachronica/search?q=q%ca%b2%ca%b7	◌q ◌ʲ ◌ʷ
qʼʲʷ	qʲʷʼ	https://chridd.nfshost.com/diachronica/search?q=q%ca%b2%ca%b7%ca%bc	◌q ◌’ ◌ʲ ◌ʷ
qʲʷː	qʲʷː	https://chridd.nfshost.com/diachronica/search?q=q%ca%b2%ca%b7%cb%90	◌q ◌ʲ ◌ʷ ◌ː
qʼʲ	qʲʼ	https://chridd.nfshost.com/diachronica/search?q=q%ca%b2%ca%bc	◌q ◌’ ◌ʲ
qʲː	qʲː	https://chridd.nfshost.com/diachronica/search?q=q%ca%b2%cb%90	◌q ◌ʲ ◌ː
qʼʲː	qʲːʼ	https://chridd.nfshost.com/diachronica/search?q=q%ca%b2%cb%90%ca%bc	◌q ◌’ ◌ʲ ◌ː
qʷ	qʷ	https://chridd.nfshost.com/diachronica/search?q=q%ca%b7	◌q ◌ʷ
qʲʷ	qʷʲ	https://chridd.nfshost.com/diachronica/search?q=q%ca%b7%ca%b2	◌q ◌ʲ ◌ʷ
qʼʲʷ	qʷʲʼ	https://chridd.nfshost.com/diachronica/search?q=q%ca%b7%ca%b2%ca%bc	◌q ◌’ ◌ʲ ◌ʷ
qʼʷ	qʷʼ	https://chridd.nfshost.com/diachronica/search?q=q%ca%b7%ca%bc	◌q ◌ʼ ◌ʷ
qʷː	qʷː	https://chridd.nfshost.com/diachronica/search?q=q%ca%b7%cb%90	◌q ◌ʷ ◌ː
qʼ	qʼ	https://chridd.nfshost.com/diachronica/search?q=q%ca%bc	◌q ◌ʼ
qʼʷ	qʼʷ	https://chridd.nfshost.com/diachronica/search?q=q%ca%bc%ca%b7	◌q ◌ʼ ◌ʷ
qʼː	qʼː	https://chridd.nfshost.com/diachronica/search?q=q%ca%bc%cb%90	◌q ◌’ ◌ː
qː	qː	https://chridd.nfshost.com/diachronica/search?q=q%cb%90	◌q ◌ː
qʼː	qːʼ	https://chridd.nfshost.com/diachronica/search?q=q%cb%90%ca%bc	◌q ◌’ ◌ː
qˤ	qˤ	https://chridd.nfshost.com/diachronica/search?q=q%cb%a4	◌q ◌ˤ
qʲˤ	qˤʲ	https://chridd.nfshost.com/diachronica/search?q=q%cb%a4%ca%b2	◌q ◌ʲ ◌ˤ
qʲʷˤ	qˤʲʷ	https://chridd.nfshost.com/diachronica/search?q=q%cb%a4%ca%b2%ca%b7	◌q ◌ʲ ◌ʷ ◌ˤ
qʲʷˤː	qˤʲʷː	https://chridd.nfshost.com/diachronica/search?q=q%cb%a4%ca%b2%ca%b7%cb%90	◌q ◌ʲ ◌ʷ ◌ˤ ◌ː
qʼʲˤ	qˤʲʼ	https://chridd.nfshost.com/diachronica/search?q=q%cb%a4%ca%b2%ca%bc	◌q ◌’ ◌ʲ ◌ˤ
qʲˤː	qˤʲː	https://chridd.nfshost.com/diachronica/search?q=q%cb%a4%ca%b2%cb%90	◌q ◌ʲ ◌ˤ ◌ː
qʷˤ	qˤʷ	https://chridd.nfshost.com/diachronica/search?q=q%cb%a4%ca%b7	◌q ◌ʷ ◌ˤ
qʲʷˤ	qˤʷʲ	https://chridd.nfshost.com/diachronica/search?q=q%cb%a4%ca%b7%ca%b2	◌q ◌ʲ ◌ʷ ◌ˤ
qʼʲʷˤ	qˤʷʲʼ	https://chridd.nfshost.com/diachronica/search?q=q%cb%a4%ca%b7%ca%b2%ca%bc	◌q ◌’ ◌ʲ ◌ʷ ◌ˤ
qʼʷˤ	qˤʷʼ	https://chridd.nfshost.com/diachronica/search?q=q%cb%a4%ca%b7%ca%bc	◌q ◌’ ◌ʷ ◌ˤ
qʷˤː	qˤʷː	https://chridd.nfshost.com/diachronica/search?q=q%cb%a4%ca%b7%cb%90	◌q ◌ʷ ◌ˤ ◌ː
qʼˤ	qˤʼ	https://chridd.nfshost.com/diachronica/search?q=q%cb%a4%ca%bc	◌q ◌’ ◌ˤ
qˤː	qˤː	https://chridd.nfshost.com/diachronica/search?q=q%cb%a4%cb%90	◌q ◌ˤ ◌ː
q	q͜	https://chridd.nfshost.com/diachronica/search?q=q%cd%9c	◌q
q	q͡	https://chridd.nfshost.com/diachronica/search?q=q%cd%a1	◌q
qχ	q͡χ	https://chridd.nfshost.com/diachronica/search?q=q%cd%a1%cf%87	◌q ◌χ
r	r	https://chridd.nfshost.com/diachronica/search?q=r	◌r
rʰ	rʰ	https://chridd.nfshost.com/diachronica/search?q=r%ca%b0	◌r ◌ʰ
rʲ	rʲ	https://chridd.nfshost.com/diachronica/search?q=r%ca%b2	◌r ◌ʲ
rː	rː	https://chridd.nfshost.com/diachronica/search?q=r%cb%90	◌r ◌ː
rʲː	rːʲ	https://chridd.nfshost.com/diachronica/search?q=r%cb%90%ca%b2	◌r ◌ʲ ◌ː
r̝	r̝	https://chridd.nfshost.com/diachronica/search?q=r%cc%9d	◌r ◌̝
r̝̥	r̝̊	https://chridd.nfshost.com/diachronica/search?q=r%cc%9d%cc%8a	◌r ◌̝ ◌̥
r̥	r̥	https://chridd.nfshost.com/diachronica/search?q=r%cc%a5	◌r ◌̥
r̩	r̩	https://chridd.nfshost.com/diachronica/search?q=r%cc%a9	◌r ◌̩
r̩ː	r̩ː	https://chridd.nfshost.com/diachronica/search?q=r%cc%a9%cb%90	◌r ◌̩ ◌ː
s	s	https://chridd.nfshost.com/diachronica/search?q=s	◌s
sʰ	sʰ	https://chridd.nfshost.com/diachronica/search?q=s%ca%b0	◌s ◌ʰ
sʲ	sʲ	https://chridd.nfshost.com/diachronica/search?q=s%ca%b2	◌s ◌ʲ
sʲʷ	sʲʷ	https://chridd.nfshost.com/diachronica/search?q=s%ca%b2%ca%b7	◌s ◌ʲ ◌ʷ
sʲʷː	sʲʷː	https://chridd.nfshost.com/diachronica/search?q=s%ca%b2%ca%b7%cb%90	◌s ◌ʲ ◌ʷ ◌ː
sʼʲ	sʲʼ	https://chridd.nfshost.com/diachronica/search?q=s%ca%b2%ca%bc	◌s ◌’ ◌ʲ
sʲː	sʲː	https://chridd.nfshost.com/diachronica/search?q=s%ca%b2%cb%90	◌s ◌ʲ ◌ː
sʷ	sʷ	https://chridd.nfshost.com/diachronica/search?q=s%ca%b7	◌s ◌ʷ
sʲʷ	sʷʲ	https://chridd.nfshost.com/diachronica/search?q=s%ca%b7%ca%b2	◌s ◌ʲ ◌ʷ
sʼʲʷ	sʷʲʼ	https://chridd.nfshost.com/diachronica/search?q=s%ca%b7%ca%b2%ca%bc	◌s ◌’ ◌ʲ ◌ʷ
sʼʷ	sʷʼ	https://chridd.nfshost.com/diachronica/search?q=s%ca%b7%ca%bc	◌s ◌’ ◌ʷ
sʷː	sʷː	https://chridd.nfshost.com/diachronica/search?q=s%ca%b7%cb%90	◌s ◌ʷ ◌ː
sʼ	sʼ	https://chridd.nfshost.com/diachronica/search?q=s%ca%bc	◌s ◌ʼ
sʼʷ	sʼʷ	https://chridd.nfshost.com/diachronica/search?q=s%ca%bc%ca%b7	◌s ◌’ ◌ʷ
sː	sː	https://chridd.nfshost.com/diachronica/search?q=s%cb%90	◌s ◌ː
sʼː	sːʼ	https://chridd.nfshost.com/diachronica/search?q=s%cb%90%ca%bc	◌s ◌’ ◌ː
sː	sːː	https://chridd.nfshost.com/diachronica/search?q=s%cb%90%cb%90	◌s ◌ː
sˑ	sˑ	https://chridd.nfshost.com/diachronica/search?q=s%cb%91	◌s ◌ˑ
sˤ	sˤ	https://chridd.nfshost.com/diachronica/search?q=s%cb%a4	◌s ◌ˤ
ʃ	š	https://chridd.nfshost.com/diachronica/search?q=s%cc%8c	◌ʃ
s̩	s̩	https://chridd.nfshost.com/diachronica/search?q=s%cc%a9	◌s ◌̩
s̪	s̪	https://chridd.nfshost.com/diachronica/search?q=s%cc%aa	◌s ◌̪
s̺	s̺	https://chridd.nfshost.com/diachronica/search?q=s%cc%ba	◌s ◌̺
s̻	s̻	https://chridd.nfshost.com/diachronica/search?q=s%cc%bb	◌s ◌̻
t	t	https://chridd.nfshost.com/diachronica/search?q=t	◌t
tʰ	tʰ	https://chridd.nfshost.com/diachronica/search?q=t%ca%b0	◌t ◌ʰ
tʲ	tʲ	https://chridd.nfshost.com/diachronica/search?q=t%ca%b2	◌t ◌ʲ
tʼʲ	tʲʼ	https://chridd.nfshost.com/diachronica/search?q=t%ca%b2%ca%bc	◌t ◌’ ◌ʲ
tʷ	tʷ	https://chridd.nfshost.com/diachronica/search?q=t%ca%b7	◌t ◌ʷ
tʲʷ	tʷʲ	https://chridd.nfshost.com/diachronica/search?q=t%ca%b7%ca%b2	◌t ◌ʲ ◌ʷ
tʼʲʷ	tʷʲʼ	https://chridd.nfshost.com/diachronica/search?q=t%ca%b7%ca%b2%ca%bc	◌t ◌’ ◌ʲ ◌ʷ
tʼʷ	tʷʼ	https://chridd.nfshost.com/diachronica/search?q=t%ca%b7%ca%bc	◌t ◌’ ◌ʷ
tʷː	tʷː	https://chridd.nfshost.com/diachronica/search?q=t%ca%b7%cb%90	◌t ◌ʷ ◌ː
tʼ	tʼ	https://chridd.nfshost.com/diachronica/search?q=t%ca%bc	◌t ◌ʼ
tː	tː	https://chridd.nfshost.com/diachronica/search?q=t%cb%90	◌t ◌ː
tˑ	tˑ	https://chridd.nfshost.com/diachronica/search?q=t%cb%91	◌t ◌ˑ
tˤ	tˤ	https://chridd.nfshost.com/diachronica/search?q=t%cb%a4	◌t ◌ˤ
t̪	t̪	https://chridd.nfshost.com/diachronica/search?q=t%cc%aa	◌t ◌̪
t̪ʰ	t̪ʰ	https://chridd.nfshost.com/diachronica/search?q=t%cc%aa%ca%b0	◌t ◌̪ ◌ʰ
t̪ː	t̪ː	https://chridd.nfshost.com/diachronica/search?q=t%cc%aa%cb%90	◌t ◌̪ ◌ː
t̼	t̼	https://chridd.nfshost.com/diachronica/search?q=t%cc%bc	◌t ◌̼
ts	t͜s	https://chridd.nfshost.com/diachronica/search?q=t%cd%9cs	◌t ◌s
u	u	https://chridd.nfshost.com/diachronica/search?q=u	◌u
uː	uː	https://chridd.nfshost.com/diachronica/search?q=u%cb%90	◌u ◌ː
ú	ú	https://chridd.nfshost.com/diachronica/search?q=u%cc%81	◌u ◌́
û	û	https://chridd.nfshost.com/diachronica/search?q=u%cc%82	◌u ◌̂
ũ	ũ	https://chridd.nfshost.com/diachronica/search?q=u%cc%83	◌u ◌̃
ũː	ũː	https://chridd.nfshost.com/diachronica/search?q=u%cc%83%cb%90	◌u ◌̃ ◌ː
ŭ	ŭ	https://chridd.nfshost.com/diachronica/search?q=u%cc%86	◌u ◌̆
u̯	u̯	https://chridd.nfshost.com/diachronica/search?q=u%cc%af	◌u ◌̯
ṵ	ṵ	https://chridd.nfshost.com/diachronica/search?q=u%cc%b0	◌u ◌̰
v	v	https://chridd.nfshost.com/diachronica/search?q=v	◌v
vʷ	vʷ	https://chridd.nfshost.com/diachronica/search?q=v%ca%b7	◌v ◌ʷ
vː	vː	https://chridd.nfshost.com/diachronica/search?q=v%cb%90	◌v ◌ː
vˤ	vˤ	https://chridd.nfshost.com/diachronica/search?q=v%cb%a4	◌v ◌ˤ
v̩	v̩	https://chridd.nfshost.com/diachronica/search?q=v%cc%a9	◌v ◌̩
w	w	https://chridd.nfshost.com/diachronica/search?q=w	◌w
wʰ	wʰ	https://chridd.nfshost.com/diachronica/search?q=w%ca%b0	◌w ◌ʰ
wʲ	wʲ	https://chridd.nfshost.com/diachronica/search?q=w%ca%b2	◌w ◌ʲ
wˀ	wˀ	https://chridd.nfshost.com/diachronica/search?q=w%cb%80	◌w ◌ˀ
wː	wː	https://chridd.nfshost.com/diachronica/search?q=w%cb%90	◌w ◌ː
w̃	w̃	https://chridd.nfshost.com/diachronica/search?q=w%cc%83	◌w ◌̃
w̥	w̥	https://chridd.nfshost.com/diachronica/search?q=w%cc%a5	◌w ◌̥
x	x	https://chridd.nfshost.com/diachronica/search?q=x	◌x
xʲ	xʲ	https://chridd.nfshost.com/diachronica/search?q=x%ca%b2	◌x ◌ʲ
xʲʷ	xʲʷ	https://chridd.nfshost.com/diachronica/search?q=x%ca%b2%ca%b7	◌x ◌ʲ ◌ʷ
xʲː	xʲː	https://chridd.nfshost.com/diachronica/search?q=x%ca%b2%cb%90	◌x ◌ʲ ◌ː
xʷ	xʷ	https://chridd.nfshost.com/diachronica/search?q=x%ca%b7	◌x ◌ʷ
xʲʷ	xʷʲ	https://chridd.nfshost.com/diachronica/search?q=x%ca%b7%ca%b2	◌x ◌ʲ ◌ʷ
xʼʷ	xʷʼ	https://chridd.nfshost.com/diachronica/search?q=x%ca%b7%ca%bc	◌x ◌’ ◌ʷ
xʼ	xʼ	https://chridd.nfshost.com/diachronica/search?q=x%ca%bc	◌x ◌ʼ
xː	xː	https://chridd.nfshost.com/diachronica/search?q=x%cb%90	◌x ◌ː
y	y	https://chridd.nfshost.com/diachronica/search?q=y	◌y
yː	yː	https://chridd.nfshost.com/diachronica/search?q=y%cb%90	◌y ◌ː
ỹ	ỹ	https://chridd.nfshost.com/diachronica/search?q=y%cc%83	◌y ◌̃
z	z	https://chridd.nfshost.com/diachronica/search?q=z	◌z
zʱ	zʱ	https://chridd.nfshost.com/diachronica/search?q=z%ca%b1	◌z ◌ʱ
zʲ	zʲ	https://chridd.nfshost.com/diachronica/search?q=z%ca%b2	◌z ◌ʲ
zʲʷ	zʲʷ	https://chridd.nfshost.com/diachronica/search?q=z%ca%b2%ca%b7	◌z ◌ʲ ◌ʷ
zʷ	zʷ	https://chridd.nfshost.com/diachronica/search?q=z%ca%b7	◌z ◌ʷ
zʲʷ	zʷʲ	https://chridd.nfshost.com/diachronica/search?q=z%ca%b7%ca%b2	◌z ◌ʲ ◌ʷ
zː	zː	https://chridd.nfshost.com/diachronica/search?q=z%cb%90	◌z ◌ː
zˤ	zˤ	https://chridd.nfshost.com/diachronica/search?q=z%cb%a4	◌z ◌ˤ
z̪	z̪	https://chridd.nfshost.com/diachronica/search?q=z%cc%aa	◌z ◌̪
æ	æ	https://chridd.nfshost.com/diachronica/search?q=%c3%a6	◌æ
æː	æː	https://chridd.nfshost.com/diachronica/search?q=%c3%a6%cb%90	◌æ ◌ː
æ̃	æ̃	https://chridd.nfshost.com/diachronica/search?q=%c3%a6%cc%83	◌æ ◌̃
æ̆	æ̆	https://chridd.nfshost.com/diachronica/search?q=%c3%a6%cc%86	◌æ ◌̆
ç	ç	https://chridd.nfshost.com/diachronica/search?q=%c3%a7	◌c ◌̧
çʼ	çʼ	https://chridd.nfshost.com/diachronica/search?q=%c3%a7%ca%bc	◌c ◌̧ ◌’
ð	ð	https://chridd.nfshost.com/diachronica/search?q=%c3%b0	◌ð
ðʲ	ðʲ	https://chridd.nfshost.com/diachronica/search?q=%c3%b0%ca%b2	◌ð ◌ʲ
ðː	ðː	https://chridd.nfshost.com/diachronica/search?q=%c3%b0%cb%90	◌ð ◌ː
ðˤ	ðˤ	https://chridd.nfshost.com/diachronica/search?q=%c3%b0%cb%a4	◌ð ◌ˤ
ø	ø	https://chridd.nfshost.com/diachronica/search?q=%c3%b8	◌ø
øː	øː	https://chridd.nfshost.com/diachronica/search?q=%c3%b8%cb%90	◌ø ◌ː
ħ	ħ	https://chridd.nfshost.com/diachronica/search?q=%c4%a7	◌ħ
ħʷ	ħʷ	https://chridd.nfshost.com/diachronica/search?q=%c4%a7%ca%b7	◌ħ ◌ʷ
lˠ	Ł	https://chridd.nfshost.com/diachronica/search?q=%c5%81	◌l ◌ˠ
ŋ	ŋ	https://chridd.nfshost.com/diachronica/search?q=%c5%8b	◌ŋ
ŋʷ	ŋʷ	https://chridd.nfshost.com/diachronica/search?q=%c5%8b%ca%b7	◌ŋ ◌ʷ
ŋː	ŋː	https://chridd.nfshost.com/diachronica/search?q=%c5%8b%cb%90	◌ŋ ◌ː
ŋ̊	ŋ̊	https://chridd.nfshost.com/diachronica/search?q=%c5%8b%cc%8a	◌ŋ ◌̊
ŋ̍	ŋ̩	https://chridd.nfshost.com/diachronica/search?q=%c5%8b%cc%a9	◌ŋ ◌̍
œ	œ	https://chridd.nfshost.com/diachronica/search?q=%c5%93	◌œ
œː	œː	https://chridd.nfshost.com/diachronica/search?q=%c5%93%cb%90	◌œ ◌ː
œ̃	œ̃	https://chridd.nfshost.com/diachronica/search?q=%c5%93%cc%83	◌œ ◌̃
ǀ	ǀ	https://chridd.nfshost.com/diachronica/search?q=%c7%80	◌ǀ
ǀʰ	ǀʰ	https://chridd.nfshost.com/diachronica/search?q=%c7%80%ca%b0	◌ǀ ◌ʰ
ǀˀ	ǀˀ	https://chridd.nfshost.com/diachronica/search?q=%c7%80%cb%80	◌ǀ ◌ˀ
ǀ̃	ǀ̃	https://chridd.nfshost.com/diachronica/search?q=%c7%80%cc%83	◌ǀ ◌̃
ǁ	ǁ	https://chridd.nfshost.com/diachronica/search?q=%c7%81	◌ǁ
ǁˀ	ǁˀ	https://chridd.nfshost.com/diachronica/search?q=%c7%81%cb%80	◌ǁ ◌ˀ
ǂ	ǂ	https://chridd.nfshost.com/diachronica/search?q=%c7%82	◌ǂ
ǂˀ	ǂˀ	https://chridd.nfshost.com/diachronica/search?q=%c7%82%cb%80	◌ǂ ◌ˀ
ǂ̃	ǂ̃	https://chridd.nfshost.com/diachronica/search?q=%c7%82%cc%83	◌ǂ ◌̃
ǃ	ǃ	https://chridd.nfshost.com/diachronica/search?q=%c7%83	◌ǃ
ǃˀ	ǃˀ	https://chridd.nfshost.com/diachronica/search?q=%c7%83%cb%80	◌ǃ ◌ˀ
ǃ̃	ǃ̃	https://chridd.nfshost.com/diachronica/search?q=%c7%83%cc%83	◌ǃ ◌̃
ǃ̬	ǃ̬	https://chridd.nfshost.com/diachronica/search?q=%c7%83%cc%ac	◌ǃ ◌̬
ȵ	ȵ	https://chridd.nfshost.com/diachronica/search?q=%c8%b5	◌ȵ
ɐ	ɐ	https://chridd.nfshost.com/diachronica/search?q=%c9%90	◌ɐ
ɑ	ɑ	https://chridd.nfshost.com/diachronica/search?q=%c9%91	◌ɑ
ɑː	ɑː	https://chridd.nfshost.com/diachronica/search?q=%c9%91%cb%90	◌ɑ ◌ː
ɑ́	ɑ́	https://chridd.nfshost.com/diachronica/search?q=%c9%91%cc%81	◌ɑ ◌́
ɑ̃	ɑ̃	https://chridd.nfshost.com/diachronica/search?q=%c9%91%cc%83	◌ɑ ◌̃
ɑ̃ː	ɑ̃ː	https://chridd.nfshost.com/diachronica/search?q=%c9%91%cc%83%cb%90	◌ɑ ◌̃ ◌ː
ɑ̄	ɑ̄	https://chridd.nfshost.com/diachronica/search?q=%c9%91%cc%84	◌ɑ ◌̄
ɒ	ɒ	https://chridd.nfshost.com/diachronica/search?q=%c9%92	◌ɒ
ɒː	ɒː	https://chridd.nfshost.com/diachronica/search?q=%c9%92%cb%90	◌ɒ ◌ː
ɓ	ɓ	https://chridd.nfshost.com/diachronica/search?q=%c9%93	◌ɓ
ɔ	ɔ	https://chridd.nfshost.com/diachronica/search?q=%c9%94	◌ɔ
ɔː	ɔː	https://chridd.nfshost.com/diachronica/search?q=%c9%94%cb%90	◌ɔ ◌ː
ɔ̃	ɔ̃	https://chridd.nfshost.com/diachronica/search?q=%c9%94%cc%83	◌ɔ ◌̃
ɔ̃ː	ɔ̃ː	https://chridd.nfshost.com/diachronica/search?q=%c9%94%cc%83%cb%90	◌ɔ ◌̃ ◌ː
ɔ̯	ɔ̯	https://chridd.nfshost.com/diachronica/search?q=%c9%94%cc%af	◌ɔ ◌̯
ɔ̰	ɔ̰	https://chridd.nfshost.com/diachronica/search?q=%c9%94%cc%b0	◌ɔ ◌̰
ɕ	ɕ	https://chridd.nfshost.com/diachronica/search?q=%c9%95	◌ɕ
ɕʰ	ɕʰ	https://chridd.nfshost.com/diachronica/search?q=%c9%95%ca%b0	◌ɕ ◌ʰ
ɕʷ	ɕʷ	https://chridd.nfshost.com/diachronica/search?q=%c9%95%ca%b7	◌ɕ ◌ʷ
ɕʼʷ	ɕʷʼ	https://chridd.nfshost.com/diachronica/search?q=%c9%95%ca%b7%ca%bc	◌ɕ ◌’ ◌ʷ
ɕʷː	ɕʷː	https://chridd.nfshost.com/diachronica/search?q=%c9%95%ca%b7%cb%90	◌ɕ ◌ʷ ◌ː
ɕʼ	ɕʼ	https://chridd.nfshost.com/diachronica/search?q=%c9%95%ca%bc	◌ɕ ◌’
ɕː	ɕː	https://chridd.nfshost.com/diachronica/search?q=%c9%95%cb%90	◌ɕ ◌ː
ɕ	ɕ͡	https://chridd.nfshost.com/diachronica/search?q=%c9%95%cd%a1	◌ɕ
ɕʰ	ɕ͡ʰ	https://chridd.nfshost.com/diachronica/search?q=%c9%95%cd%a1%ca%b0	◌ɕ ◌ʰ
ɖ	ɖ	https://chridd.nfshost.com/diachronica/search?q=%c9%96	◌ɖ
ɖʱ	ɖʱ	https://chridd.nfshost.com/diachronica/search?q=%c9%96%ca%b1	◌ɖ ◌ʱ
ɖː	ɖː	https://chridd.nfshost.com/diachronica/search?q=%c9%96%cb%90	◌ɖ ◌ː
ɗ	ɗ	https://chridd.nfshost.com/diachronica/search?q=%c9%97	◌ɗ
ɘ	ɘ	https://chridd.nfshost.com/diachronica/search?q=%c9%98	◌ɘ
ə	ə	https://chridd.nfshost.com/diachronica/search?q=%c9%99	◌ə
əː	əː	https://chridd.nfshost.com/diachronica/search?q=%c9%99%cb%90	◌ə ◌ː
ə́	ə́	https://chridd.nfshost.com/diachronica/search?q=%c9%99%cc%81	◌ə ◌́
ə̃	ə̃	https://chridd.nfshost.com/diachronica/search?q=%c9%99%cc%83	◌ə ◌̃
ə̃ː	ə̃ː	https://chridd.nfshost.com/diachronica/search?q=%c9%99%cc%83%cb%90	◌ə ◌̃ ◌ː
ə̄	ə̄	https://chridd.nfshost.com/diachronica/search?q=%c9%99%cc%84	◌ə ◌̄
ə̆	ə̆	https://chridd.nfshost.com/diachronica/search?q=%c9%99%cc%86	◌ə ◌̆
ə̯	ə̯	https://chridd.nfshost.com/diachronica/search?q=%c9%99%cc%af	◌ə ◌̯
ə̰	ə̰	https://chridd.nfshost.com/diachronica/search?q=%c9%99%cc%b0	◌ə ◌̰
ə˞	ɚ	https://chridd.nfshost.com/diachronica/search?q=%c9%9a	◌ə ◌˞
ɛ	ɛ	https://chridd.nfshost.com/diachronica/search?q=%c9%9b	◌ɛ
ɛː	ɛː	https://chridd.nfshost.com/diachronica/search?q=%c9%9b%cb%90	◌ɛ ◌ː
ɛ̃	ɛ̃	https://chridd.nfshost.com/diachronica/search?q=%c9%9b%cc%83	◌ɛ ◌̃
ɛ̃ː	ɛ̃ː	https://chridd.nfshost.com/diachronica/search?q=%c9%9b%cc%83%cb%90	◌ɛ ◌̃ ◌ː
ɜ	ɜ	https://chridd.nfshost.com/diachronica/search?q=%c9%9c	◌ɜ
ɜː	ɜː	https://chridd.nfshost.com/diachronica/search?q=%c9%9c%cb%90	◌ɜ ◌ː
ɟ	ɟ	https://chridd.nfshost.com/diachronica/search?q=%c9%9f	◌ɟ
ɟʱ	ɟʱ	https://chridd.nfshost.com/diachronica/search?q=%c9%9f%ca%b1	◌ɟ ◌ʱ
ɟː	ɟː	https://chridd.nfshost.com/diachronica/search?q=%c9%9f%cb%90	◌ɟ ◌ː
ɠʷ	ɠʷ	https://chridd.nfshost.com/diachronica/search?q=%c9%a0%ca%b7	◌ɠ ◌ʷ
ɠ̥	ɠ̥	https://chridd.nfshost.com/diachronica/search?q=%c9%a0%cc%a5	◌ɠ ◌̥
g	ɡ	https://chridd.nfshost.com/diachronica/search?q=%c9%a1	◌g
gʰ	ɡʰ	https://chridd.nfshost.com/diachronica/search?q=%c9%a1%ca%b0	◌g ◌ʰ
gʱ	ɡʱ	https://chridd.nfshost.com/diachronica/search?q=%c9%a1%ca%b1	◌g ◌ʱ
gʲ	ɡʲ	https://chridd.nfshost.com/diachronica/search?q=%c9%a1%ca%b2	◌g ◌ʲ
gʲʷ	ɡʲʷ	https://chridd.nfshost.com/diachronica/search?q=%c9%a1%ca%b2%ca%b7	◌g ◌ʲ ◌ʷ
gʷ	ɡʷ	https://chridd.nfshost.com/diachronica/search?q=%c9%a1%ca%b7	◌g ◌ʷ
gʷʰ	ɡʷʰ	https://chridd.nfshost.com/diachronica/search?q=%c9%a1%ca%b7%ca%b0	◌g ◌ʷ ◌ʰ
gʷʱ	ɡʷʱ	https://chridd.nfshost.com/diachronica/search?q=%c9%a1%ca%b7%ca%b1	◌g ◌ʷ ◌ʱ
gʼ	ɡʼ	https://chridd.nfshost.com/diachronica/search?q=%c9%a1%ca%bc	◌g ◌’
gː	ɡː	https://chridd.nfshost.com/diachronica/search?q=%c9%a1%cb%90	◌g ◌ː
gʲ	ɡ́	https://chridd.nfshost.com/diachronica/search?q=%c9%a1%cc%81	◌g ◌ʲ
gʲʰ	ɡ́ʰ	https://chridd.nfshost.com/diachronica/search?q=%c9%a1%cc%81%ca%b0	◌g ◌ʲ ◌ʰ
gʲʰ	ɡ́ʱ	https://chridd.nfshost.com/diachronica/search?q=%c9%a1%cc%81%ca%b1	◌g ◌ʲ ◌ʰ
g̚	ɡ̚	https://chridd.nfshost.com/diachronica/search?q=%c9%a1%cc%9a	◌g ◌̚
ɢ	ɢ	https://chridd.nfshost.com/diachronica/search?q=%c9%a2	◌ɢ
ɢʲ	ɢʲ	https://chridd.nfshost.com/diachronica/search?q=%c9%a2%ca%b2	◌ɢ ◌ʲ
ɢʲʷ	ɢʲʷ	https://chridd.nfshost.com/diachronica/search?q=%c9%a2%ca%b2%ca%b7	◌ɢ ◌ʲ ◌ʷ
ɢʷ	ɢʷ	https://chridd.nfshost.com/diachronica/search?q=%c9%a2%ca%b7	◌ɢ ◌ʷ
ɢʷʰ	ɢʷʰ	https://chridd.nfshost.com/diachronica/search?q=%c9%a2%ca%b7%ca%b0	◌ɢ ◌ʷ ◌ʰ
ɢ	ɢ͜	https://chridd.nfshost.com/diachronica/search?q=%c9%a2%cd%9c	◌ɢ
ɢ	ɢ͡	https://chridd.nfshost.com/diachronica/search?q=%c9%a2%cd%a1	◌ɢ
ɣ	ɣ	https://chridd.nfshost.com/diachronica/search?q=%c9%a3	◌ɣ
ɣʲ	ɣʲ	https://chridd.nfshost.com/diachronica/search?q=%c9%a3%ca%b2	◌ɣ ◌ʲ
ɣʲʷ	ɣʲʷ	https://chridd.nfshost.com/diachronica/search?q=%c9%a3%ca%b2%ca%b7	◌ɣ ◌ʲ ◌ʷ
ɣʷ	ɣʷ	https://chridd.nfshost.com/diachronica/search?q=%c9%a3%ca%b7	◌ɣ ◌ʷ
ɣʲʷ	ɣʷʲ	https://chridd.nfshost.com/diachronica/search?q=%c9%a3%ca%b7%ca%b2	◌ɣ ◌ʲ ◌ʷ
ɣː	ɣː	https://chridd.nfshost.com/diachronica/search?q=%c9%a3%cb%90	◌ɣ ◌ː
ɤ	ɤ	https://chridd.nfshost.com/diachronica/search?q=%c9%a4	◌ɤ
ɤː	ɤː	https://chridd.nfshost.com/diachronica/search?q=%c9%a4%cb%90	◌ɤ ◌ː
ɥ	ɥ	https://chridd.nfshost.com/diachronica/search?q=%c9%a5	◌ɥ
ɥ̃	ɥ̃	https://chridd.nfshost.com/diachronica/search?q=%c9%a5%cc%83	◌ɥ ◌̃
ɦ	ɦ	https://chridd.nfshost.com/diachronica/search?q=%c9%a6	◌ɦ
ɨ	ɨ	https://chridd.nfshost.com/diachronica/search?q=%c9%a8	◌ɨ
ɨː	ɨː	https://chridd.nfshost.com/diachronica/search?q=%c9%a8%cb%90	◌ɨ ◌ː
ɨ̃	ɨ̃	https://chridd.nfshost.com/diachronica/search?q=%c9%a8%cc%83	◌ɨ ◌̃
ɨ̃ː	ɨ̃ː	https://chridd.nfshost.com/diachronica/search?q=%c9%a8%cc%83%cb%90	◌ɨ ◌̃ ◌ː
ɨ̆	ɨ̆	https://chridd.nfshost.com/diachronica/search?q=%c9%a8%cc%86	◌ɨ ◌̆
ɨ̯	ɨ̯	https://chridd.nfshost.com/diachronica/search?q=%c9%a8%cc%af	◌ɨ ◌̯
ɨ̰	ɨ̰	https://chridd.nfshost.com/diachronica/search?q=%c9%a8%cc%b0	◌ɨ ◌̰
ɪ	ɪ	https://chridd.nfshost.com/diachronica/search?q=%c9%aa	◌ɪ
ɪː	ɪː	https://chridd.nfshost.com/diachronica/search?q=%c9%aa%cb%90	◌ɪ ◌ː
ɪ̃	ɪ̃	https://chridd.nfshost.com/diachronica/search?q=%c9%aa%cc%83	◌ɪ ◌̃
ɪ̞	ɪ̞	https://chridd.nfshost.com/diachronica/search?q=%c9%aa%cc%9e	◌ɪ ◌̞
lˠ	ɫ	https://chridd.nfshost.com/diachronica/search?q=%c9%ab	◌l ◌ˠ
ɬ	ɬ	https://chridd.nfshost.com/diachronica/search?q=%c9%ac	◌ɬ
ɬʰ	ɬʰ	https://chridd.nfshost.com/diachronica/search?q=%c9%ac%ca%b0	◌ɬ ◌ʰ
ɬʲ	ɬʲ	https://chridd.nfshost.com/diachronica/search?q=%c9%ac%ca%b2	◌ɬ ◌ʲ
ɬʲʷ	ɬʲʷ	https://chridd.nfshost.com/diachronica/search?q=%c9%ac%ca%b2%ca%b7	◌ɬ ◌ʲ ◌ʷ
ɬʲʷː	ɬʲʷː	https://chridd.nfshost.com/diachronica/search?q=%c9%ac%ca%b2%ca%b7%cb%90	◌ɬ ◌ʲ ◌ʷ ◌ː
ɬʼʲ	ɬʲʼ	https://chridd.nfshost.com/diachronica/search?q=%c9%ac%ca%b2%ca%bc	◌ɬ ◌’ ◌ʲ
ɬʼʲː	ɬʲʼː	https://chridd.nfshost.com/diachronica/search?q=%c9%ac%ca%b2%ca%bc%cb%90	◌ɬ ◌’ ◌ʲ ◌ː
ɬʷ	ɬʷ	https://chridd.nfshost.com/diachronica/search?q=%c9%ac%ca%b7	◌ɬ ◌ʷ
ɬʲʷ	ɬʷʲ	https://chridd.nfshost.com/diachronica/search?q=%c9%ac%ca%b7%ca%b2	◌ɬ ◌ʲ ◌ʷ
ɬʼʲʷ	ɬʷʲʼ	https://chridd.nfshost.com/diachronica/search?q=%c9%ac%ca%b7%ca%b2%ca%bc	◌ɬ ◌’ ◌ʲ ◌ʷ
ɬʲʷː	ɬʷʲː	https://chridd.nfshost.com/diachronica/search?q=%c9%ac%ca%b7%ca%b2%cb%90	◌ɬ ◌ʲ ◌ʷ ◌ː
ɬʼʷ	ɬʷʼ	https://chridd.nfshost.com/diachronica/search?q=%c9%ac%ca%b7%ca%bc	◌ɬ ◌’ ◌ʷ
ɬʷː	ɬʷː	https://chridd.nfshost.com/diachronica/search?q=%c9%ac%ca%b7%cb%90	◌ɬ ◌ʷ ◌ː
ɬʼ	ɬʼ	https://chridd.nfshost.com/diachronica/search?q=%c9%ac%ca%bc	◌ɬ ◌ʼ
ɬː	ɬː	https://chridd.nfshost.com/diachronica/search?q=%c9%ac%cb%90	◌ɬ ◌ː
ɬʼː	ɬːʼ	https://chridd.nfshost.com/diachronica/search?q=%c9%ac%cb%90%ca%bc	◌ɬ ◌’ ◌ː
ɬˤ	ɬˤ	https://chridd.nfshost.com/diachronica/search?q=%c9%ac%cb%a4	◌ɬ ◌ˤ
ɭ	ɭ	https://chridd.nfshost.com/diachronica/search?q=%c9%ad	◌ɭ
ɭʱ	ɭʱ	https://chridd.nfshost.com/diachronica/search?q=%c9%ad%ca%b1	◌ɭ ◌ʱ
ɭː	ɭː	https://chridd.nfshost.com/diachronica/search?q=%c9%ad%cb%90	◌ɭ ◌ː
ɮ	ɮ	https://chridd.nfshost.com/diachronica/search?q=%c9%ae	◌ɮ
ɮʲ	ɮʲ	https://chridd.nfshost.com/diachronica/search?q=%c9%ae%ca%b2	◌ɮ ◌ʲ
ɮʲʷ	ɮʲʷ	https://chridd.nfshost.com/diachronica/search?q=%c9%ae%ca%b2%ca%b7	◌ɮ ◌ʲ ◌ʷ
ɮʷ	ɮʷ	https://chridd.nfshost.com/diachronica/search?q=%c9%ae%ca%b7	◌ɮ ◌ʷ
ɮʲʷ	ɮʷʲ	https://chridd.nfshost.com/diachronica/search?q=%c9%ae%ca%b7%ca%b2	◌ɮ ◌ʲ ◌ʷ
ɯ	ɯ	https://chridd.nfshost.com/diachronica/search?q=%c9%af	◌ɯ
ɯː	ɯː	https://chridd.nfshost.com/diachronica/search?q=%c9%af%cb%90	◌ɯ ◌ː
ɰ	ɰ	https://chridd.nfshost.com/diachronica/search?q=%c9%b0	◌ɰ
ɰ̃	ɰ̃	https://chridd.nfshost.com/diachronica/search?q=%c9%b0%cc%83	◌ɰ ◌̃
ɱ	ɱ	https://chridd.nfshost.com/diachronica/search?q=%c9%b1	◌ɱ
ɲ	ɲ	https://chridd.nfshost.com/diachronica/search?q=%c9%b2	◌ɲ
ɲː	ɲː	https://chridd.nfshost.com/diachronica/search?q=%c9%b2%cb%90	◌ɲ ◌ː
ɲ̊	ɲ̊	https://chridd.nfshost.com/diachronica/search?q=%c9%b2%cc%8a	◌ɲ ◌̊
ɳ	ɳ	https://chridd.nfshost.com/diachronica/search?q=%c9%b3	◌ɳ
ɳː	ɳː	https://chridd.nfshost.com/diachronica/search?q=%c9%b3%cb%90	◌ɳ ◌ː
ɴ	ɴ	https://chridd.nfshost.com/diachronica/search?q=%c9%b4	◌ɴ
ɵ	ɵ	https://chridd.nfshost.com/diachronica/search?q=%c9%b5	◌ɵ
ɵː	ɵː	https://chridd.nfshost.com/diachronica/search?q=%c9%b5%cb%90	◌ɵ ◌ː
ɸ	ɸ	https://chridd.nfshost.com/diachronica/search?q=%c9%b8	◌ɸ
ɸʰ	ɸʰ	https://chridd.nfshost.com/diachronica/search?q=%c9%b8%ca%b0	◌ɸ ◌ʰ
ɸʼ	ɸʼ	https://chridd.nfshost.com/diachronica/search?q=%c9%b8%ca%bc	◌ɸ ◌’
ɹ	ɹ	https://chridd.nfshost.com/diachronica/search?q=%c9%b9	◌ɹ
ɻ	ɻ	https://chridd.nfshost.com/diachronica/search?q=%c9%bb	◌ɻ
ɽ	ɽ	https://chridd.nfshost.com/diachronica/search?q=%c9%bd	◌ɽ
ɾ	ɾ	https://chridd.nfshost.com/diachronica/search?q=%c9%be	◌ɾ
ɾ̥	ɾ̥	https://chridd.nfshost.com/diachronica/search?q=%c9%be%cc%a5	◌ɾ ◌̥
ɿ	ɿ	https://chridd.nfshost.com/diachronica/search?q=%c9%bf	◌ɿ
ʀ	ʀ	https://chridd.nfshost.com/diachronica/search?q=%ca%80	◌ʀ
ʁ	ʁ	https://chridd.nfshost.com/diachronica/search?q=%ca%81	◌ʁ
ʁʲ	ʁʲ	https://chridd.nfshost.com/diachronica/search?q=%ca%81%ca%b2	◌ʁ ◌ʲ
ʁʲʷ	ʁʲʷ	https://chridd.nfshost.com/diachronica/search?q=%ca%81%ca%b2%ca%b7	◌ʁ ◌ʲ ◌ʷ
ʁʷ	ʁʷ	https://chridd.nfshost.com/diachronica/search?q=%ca%81%ca%b7	◌ʁ ◌ʷ
ʁʲʷ	ʁʷʲ	https://chridd.nfshost.com/diachronica/search?q=%ca%81%ca%b7%ca%b2	◌ʁ ◌ʲ ◌ʷ
ʁː	ʁː	https://chridd.nfshost.com/diachronica/search?q=%ca%81%cb%90	◌ʁ ◌ː
ʁˤ	ʁˤ	https://chridd.nfshost.com/diachronica/search?q=%ca%81%cb%a4	◌ʁ ◌ˤ
ʁʲˤ	ʁˤʲ	https://chridd.nfshost.com/diachronica/search?q=%ca%81%cb%a4%ca%b2	◌ʁ ◌ʲ ◌ˤ
ʁʲʷˤ	ʁˤʲʷ	https://chridd.nfshost.com/diachronica/search?q=%ca%81%cb%a4%ca%b2%ca%b7	◌ʁ ◌ʲ ◌ʷ ◌ˤ
ʁʷˤ	ʁˤʷ	https://chridd.nfshost.com/diachronica/search?q=%ca%81%cb%a4%ca%b7	◌ʁ ◌ʷ ◌ˤ
ʁʲʷˤ	ʁˤʷʲ	https://chridd.nfshost.com/diachronica/search?q=%ca%81%cb%a4%ca%b7%ca%b2	◌ʁ ◌ʲ ◌ʷ ◌ˤ
ʂ	ʂ	https://chridd.nfshost.com/diachronica/search?q=%ca%82	◌ʂ
ʂʰ	ʂʰ	https://chridd.nfshost.com/diachronica/search?q=%ca%82%ca%b0	◌ʂ ◌ʰ
ʂʷ	ʂʷ	https://chridd.nfshost.com/diachronica/search?q=%ca%82%ca%b7	◌ʂ ◌ʷ
ʂʼ	ʂʼ	https://chridd.nfshost.com/diachronica/search?q=%ca%82%ca%bc	◌ʂ ◌’
ʂː	ʂː	https://chridd.nfshost.com/diachronica/search?q=%ca%82%cb%90	◌ʂ ◌ː
ʃ	ʃ	https://chridd.nfshost.com/diachronica/search?q=%ca%83	◌ʃ
ʃʰ	ʃʰ	https://chridd.nfshost.com/diachronica/search?q=%ca%83%ca%b0	◌ʃ ◌ʰ
ʃʲ	ʃʲ	https://chridd.nfshost.com/diachronica/search?q=%ca%83%ca%b2	◌ʃ ◌ʲ
ʃʼʲ	ʃʲʼ	https://chridd.nfshost.com/diachronica/search?q=%ca%83%ca%b2%ca%bc	◌ʃ ◌’ ◌ʲ
ʃʷ	ʃʷ	https://chridd.nfshost.com/diachronica/search?q=%ca%83%ca%b7	◌ʃ ◌ʷ
ʃʷʰ	ʃʷʰ	https://chridd.nfshost.com/diachronica/search?q=%ca%83%ca%b7%ca%b0	◌ʃ ◌ʷ ◌ʰ
ʃʼʷ	ʃʷʼ	https://chridd.nfshost.com/diachronica/search?q=%ca%83%ca%b7%ca%bc	◌ʃ ◌’ ◌ʷ
ʃʷː	ʃʷː	https://chridd.nfshost.com/diachronica/search?q=%ca%83%ca%b7%cb%90	◌ʃ ◌ʷ ◌ː
ʃʼ	ʃʼ	https://chridd.nfshost.com/diachronica/search?q=%ca%83%ca%bc	◌ʃ ◌ʼ
ʃʼ	ʃʼʼ	https://chridd.nfshost.com/diachronica/search?q=%ca%83%ca%bc%ca%bc	◌ʃ ◌ʼ
ʃː	ʃː	https://chridd.nfshost.com/diachronica/search?q=%ca%83%cb%90	◌ʃ ◌ː
ʃʼː	ʃːʼ	https://chridd.nfshost.com/diachronica/search?q=%ca%83%cb%90%ca%bc	◌ʃ ◌’ ◌ː
ʃˤ	ʃˤ	https://chridd.nfshost.com/diachronica/search?q=%ca%83%cb%a4	◌ʃ ◌ˤ
ʃ̺	ʃ̺	https://chridd.nfshost.com/diachronica/search?q=%ca%83%cc%ba	◌ʃ ◌̺
ʄ	ʄ	https://chridd.nfshost.com/diachronica/search?q=%ca%84	◌ʄ
ʅ	ʅ	https://chridd.nfshost.com/diachronica/search?q=%ca%85	◌ʅ
ʈ	ʈ	https://chridd.nfshost.com/diachronica/search?q=%ca%88	◌ʈ
ʈʰ	ʈʰ	https://chridd.nfshost.com/diachronica/search?q=%ca%88%ca%b0	◌ʈ ◌ʰ
ʈʼ	ʈʼ	https://chridd.nfshost.com/diachronica/search?q=%ca%88%ca%bc	◌ʈ ◌’
ʈː	ʈː	https://chridd.nfshost.com/diachronica/search?q=%ca%88%cb%90	◌ʈ ◌ː
ʉ	ʉ	https://chridd.nfshost.com/diachronica/search?q=%ca%89	◌ʉ
ʉː	ʉː	https://chridd.nfshost.com/diachronica/search?q=%ca%89%cb%90	◌ʉ ◌ː
ʊ	ʊ	https://chridd.nfshost.com/diachronica/search?q=%ca%8a	◌ʊ
ʊ́	ʊ́	https://chridd.nfshost.com/diachronica/search?q=%ca%8a%cc%81	◌ʊ ◌́
ʊ̄	ʊ̄	https://chridd.nfshost.com/diachronica/search?q=%ca%8a%cc%84	◌ʊ ◌̄
ʊ̈	ʊ̈	https://chridd.nfshost.com/diachronica/search?q=%ca%8a%cc%88	◌ʊ ◌̈
ʊ̯	ʊ̯	https://chridd.nfshost.com/diachronica/search?q=%ca%8a%cc%af	◌ʊ ◌̯
ʋ	ʋ	https://chridd.nfshost.com/diachronica/search?q=%ca%8b	◌ʋ
ʋ̃	ʋ̃	https://chridd.nfshost.com/diachronica/search?q=%ca%8b%cc%83	◌ʋ ◌̃
ʌ	ʌ	https://chridd.nfshost.com/diachronica/search?q=%ca%8c	◌ʌ
ʌ̃	ʌ̃	https://chridd.nfshost.com/diachronica/search?q=%ca%8c%cc%83	◌ʌ ◌̃
ʌ̃ː	ʌ̃ː	https://chridd.nfshost.com/diachronica/search?q=%ca%8c%cc%83%cb%90	◌ʌ ◌̃ ◌ː
ʍ	ʍ	https://chridd.nfshost.com/diachronica/search?q=%ca%8d	◌ʍ
ʎ	ʎ	https://chridd.nfshost.com/diachronica/search?q=%ca%8e	◌ʎ
ʏ	ʏ	https://chridd.nfshost.com/diachronica/search?q=%ca%8f	◌ʏ
ʐ	ʐ	https://chridd.nfshost.com/diachronica/search?q=%ca%90	◌ʐ
ʐʱ	ʐʱ	https://chridd.nfshost.com/diachronica/search?q=%ca%90%ca%b1	◌ʐ ◌ʱ
ʑ	ʑ	https://chridd.nfshost.com/diachronica/search?q=%ca%91	◌ʑ
ʑʱ	ʑʱ	https://chridd.nfshost.com/diachronica/search?q=%ca%91%ca%b1	◌ʑ ◌ʱ
ʑʷ	ʑʷ	https://chridd.nfshost.com/diachronica/search?q=%ca%91%ca%b7	◌ʑ ◌ʷ
ʒ	ʒ	https://chridd.nfshost.com/diachronica/search?q=%ca%92	◌ʒ
ʒʱ	ʒʱ	https://chridd.nfshost.com/diachronica/search?q=%ca%92%ca%b1	◌ʒ ◌ʱ
ʒʲ	ʒʲ	https://chridd.nfshost.com/diachronica/search?q=%ca%92%ca%b2	◌ʒ ◌ʲ
ʒʷ	ʒʷ	https://chridd.nfshost.com/diachronica/search?q=%ca%92%ca%b7	◌ʒ ◌ʷ
ʒː	ʒː	https://chridd.nfshost.com/diachronica/search?q=%ca%92%cb%90	◌ʒ ◌ː
ʔ	ʔ	https://chridd.nfshost.com/diachronica/search?q=%ca%94	◌ʔ
ʔʷ	ʔʷ	https://chridd.nfshost.com/diachronica/search?q=%ca%94%ca%b7	◌ʔ ◌ʷ
ʔː	ʔː	https://chridd.nfshost.com/diachronica/search?q=%ca%94%cb%90	◌ʔ ◌ː
ʔˤ	ʔˤ	https://chridd.nfshost.com/diachronica/search?q=%ca%94%cb%a4	◌ʔ ◌ˤ
ʔ̥	ʔ̊	https://chridd.nfshost.com/diachronica/search?q=%ca%94%cc%8a	◌ʔ ◌̥
ʕ	ʕ	https://chridd.nfshost.com/diachronica/search?q=%ca%95	◌ʕ
ʕʷ	ʕʷ	https://chridd.nfshost.com/diachronica/search?q=%ca%95%ca%b7	◌ʕ ◌ʷ
ʕ̞	ʕ̞	https://chridd.nfshost.com/diachronica/search?q=%ca%95%cc%9e	◌ʕ ◌̞
ʘ	ʘ	https://chridd.nfshost.com/diachronica/search?q=%ca%98	◌ʘ
ʙ	ʙ	https://chridd.nfshost.com/diachronica/search?q=%ca%99	◌ʙ
ʝ	ʝ	https://chridd.nfshost.com/diachronica/search?q=%ca%9d	◌ʝ
ʝː	ʝː	https://chridd.nfshost.com/diachronica/search?q=%ca%9d%cb%90	◌ʝ ◌ː
ʝ	ʝ͡	https://chridd.nfshost.com/diachronica/search?q=%ca%9d%cd%a1	◌ʝ
ʟ	ʟ	https://chridd.nfshost.com/diachronica/search?q=%ca%9f	◌ʟ
β	β	https://chridd.nfshost.com/diachronica/search?q=%ce%b2	◌β
βʷ	βʷ	https://chridd.nfshost.com/diachronica/search?q=%ce%b2%ca%b7	◌β ◌ʷ
θ	θ	https://chridd.nfshost.com/diachronica/search?q=%ce%b8	◌θ
θʼ	θʼ	https://chridd.nfshost.com/diachronica/search?q=%ce%b8%ca%bc	◌θ ◌’
θː	θː	https://chridd.nfshost.com/diachronica/search?q=%ce%b8%cb%90	◌θ ◌ː
θˑ	θˑ	https://chridd.nfshost.com/diachronica/search?q=%ce%b8%cb%91	◌θ ◌ˑ
θˤ	θˤ	https://chridd.nfshost.com/diachronica/search?q=%ce%b8%cb%a4	◌θ ◌ˤ
χ	χ	https://chridd.nfshost.com/diachronica/search?q=%cf%87	◌χ
χʲ	χʲ	https://chridd.nfshost.com/diachronica/search?q=%cf%87%ca%b2	◌χ ◌ʲ
χʲʷ	χʲʷ	https://chridd.nfshost.com/diachronica/search?q=%cf%87%ca%b2%ca%b7	◌χ ◌ʲ ◌ʷ
χʷ	χʷ	https://chridd.nfshost.com/diachronica/search?q=%cf%87%ca%b7	◌χ ◌ʷ
χʲʷ	χʷʲ	https://chridd.nfshost.com/diachronica/search?q=%cf%87%ca%b7%ca%b2	◌χ ◌ʲ ◌ʷ
χʼʷ	χʷʼ	https://chridd.nfshost.com/diachronica/search?q=%cf%87%ca%b7%ca%bc	◌χ ◌’ ◌ʷ
χʼ	χʼ	https://chridd.nfshost.com/diachronica/search?q=%cf%87%ca%bc	◌χ ◌ʼ
χˤ	χˤ	https://chridd.nfshost.com/diachronica/search?q=%cf%87%cb%a4	◌χ ◌ˤ
χʲˤ	χˤʲ	https://chridd.nfshost.com/diachronica/search?q=%cf%87%cb%a4%ca%b2	◌χ ◌ʲ ◌ˤ
χʷˤ	χˤʷ	https://chridd.nfshost.com/diachronica/search?q=%cf%87%cb%a4%ca%b7	◌χ ◌ʷ ◌ˤ
ⁿb	ᵐb	https://chridd.nfshost.com/diachronica/search?q=%e1%b5%90b	◌ⁿ ◌b
ⁿk	ᵑk	https://chridd.nfshost.com/diachronica/search?q=%e1%b5%91k	◌ⁿ ◌k
ⁿg	ᵑɡ	https://chridd.nfshost.com/diachronica/search?q=%e1%b5%91%c9%a1	◌ⁿ ◌g
ⁿd	ⁿd	https://chridd.nfshost.com/diachronica/search?q=%e2%81%bfd	◌ⁿ ◌d
ⁿǀʰ	ⁿǀʰ	https://chridd.nfshost.com/diachronica/search?q=%e2%81%bf%c7%80%ca%b0	◌ⁿ ◌ǀ ◌ʰ
p	◌͜p	https://chridd.nfshost.com/diachronica/search?q=%cd%9cp	◌p
s	◌͜s	https://chridd.nfshost.com/diachronica/search?q=%cd%9cs	◌s
z	◌͜z	https://chridd.nfshost.com/diachronica/search?q=%cd%9cz	◌z
χ	◌͡χ	https://chridd.nfshost.com/diachronica/search?q=%cd%a1%cf%87	◌χ
