BIPA	GRAPHEME	COUNT	SYMBOLS
ɔi	ɔj	1	
ä̃	ä̃	8	◌a ◌̈ ◌̃
ä̃ː	äː̃	1	◌a ◌̈ ◌̃ ◌ː
ä̃ː	ä̃ː	4	◌a ◌̈ ◌̃ ◌ː
ä̤̃ː	ä̤̃ː	1	◌a ◌̤ ◌̈ ◌̃ ◌ː
fː	fːː	1	◌f ◌ː
hː	hːː	1	◌h ◌ː
jː	jːː	1	◌j ◌ː
kː	kːː	1	◌k ◌ː
lʲː	lʲː	1ː	◌l ◌ʲ ◌ː
lː	lːː	1	◌l ◌ː
mː	mːː	1	◌m ◌ː
nʲː	nʲː	1ː	◌n ◌ʲ ◌ː
nː	nːː	1	◌n ◌ː
o̟ˑ	o̟ˑ	1	◌o ◌̟ ◌ˑ
pʲʰ	pʰʲ	5	◌p ◌ʲ ◌ʰ
pː	pːː	1	◌p ◌ː
rː	rːː	1	◌r ◌ː
sʲː	sʲːː	1	◌s ◌ʲ ◌ː
sː	sːː	1	◌s ◌ː
tʲː	tʲːː	1	◌t ◌ʲ ◌ː
tː	tːː	1	◌t ◌ː
t̪ʲʰ	t̪ʰʲ	2	◌t ◌̪ ◌ʲ ◌ʰ
u̯ː	uw	1	◌u ◌̯ ◌ː
œ̠ː	œ̠ː	1	◌œ ◌̠ ◌ː
ɑː	ɑːː	1	◌ɑ ◌ː
ɑ̟ː	ɑ̟ː	1	◌ɑ ◌̟ ◌ː
ɑ̟ˑ	ɑ̟ˑ	1	◌ɑ ◌̟ ◌ˑ
ɑ̤̟	ɑ̟̤	1	◌ɑ ◌̤ ◌̟
ɑ̤̟ː	ɑ̟̤ː	1	◌ɑ ◌̤ ◌̟ ◌ː
ɔ̜̟ː	ɔ̟̜ː	1	◌ɔ ◌̜ ◌̟ ◌ː
ɔ̜̟̃ː	ɔ̟̜̃ː	1	◌ɔ ◌̜ ◌̟ ◌̃ ◌ː
ə̟̆	ə̟̆	1	◌ə ◌̟ ◌̆
ɛ̠ː	ɛ̠ː	1	◌ɛ ◌̠ ◌ː
ɞ̠ː	ɞ̠ː	1	◌ɞ ◌̠ ◌ː
ɤː	ɤːː	1	◌ɤ ◌ː
ɤ̟ː	ɤ̟ː	1	◌ɤ ◌̟ ◌ː
ɤ̤̟ː	ɤ̟̤ː		◌ɤ ◌̤ ◌̟ ◌ː
ɨ̟ː	ɨ̟ː	1	◌ɨ ◌̟ ◌ː
ɯ̰̽ː	ɯ̰̽ː	1	◌ɯ ◌̰ ◌̽ ◌ː
ɵ̟ː	ɵ̟ː	1	◌ɵ ◌̟ ◌ː
ʃː	ʃːː	1	◌ʃ ◌ː
ʉ̟ː	ʉ̟ː	1	◌ʉ ◌̟ ◌ː
ʌ̤̟	ʌ̟̤	1	◌ʌ ◌̤ ◌̟
<NA>	wei	1	
aɯ̯	aɰ	1	
<NA>	ä̠ː	1	
<NA>	b˞	1	
<NA>	g˞	1	
<NA>	iau	2	
<NA>	iou	1	
<NA>	iɑu	1	
<NA>	iɛi̯	1	
<NA>	i̯uo	1	
<NA>	i̯ũo	1	
<NA>	jai	1	
<NA>	jau	1	
<NA>	jau̯	1	
<NA>	jei̯	1	
<NA>	joi	1	
<NA>	juaː	1	
<NA>	jui	1	
<NA>	jæi	1	
<NA>	jɛi	1	
<NA>	jɛi̯	1	
<NA>	kʰ˞	1	
<NA>	k˞	1	
<NA>	pʰ˞	1	
<NA>	p˞	1	
<NA>	uai	3	
<NA>	uei	1	
<NA>	uɑi	1	
<NA>	uəi	1	
<NA>	wai	1	
<NA>	wei̯	1	
<NA>	weu̯	1	
<NA>	wæi	1	
<NA>	wɛi	1	
<NA>	wɛi̯	1	
<NA>	xk	4	
a	a	243	◌a
ae	ae	4	◌a ◌e
ae̯	ae̯	2	◌a ◌e ◌̯
ai	ai	31	◌a ◌i
ai̯	ai̯	3	◌a ◌i ◌̯
ai̯	aj	6	◌a ◌i ◌̯
ai̯ː	ai̯ː	1	◌a ◌i ◌̯ ◌ː
ao	ao	6	◌a ◌o
au	au	26	◌a ◌u
auː	auː	1	◌a ◌u ◌ː
au̯	au̯	3	◌a ◌u ◌̯
au̯	aw	6	◌a ◌u ◌̯
aə	aə	1	◌a ◌ə
aɛ	aɛ	1	◌a ◌ɛ
aɪ	aɪ	7	◌a ◌ɪ
aɪ̃	aɪ̃	2	◌a ◌ɪ ◌̃
aɯ	aɯ	1	◌a ◌ɯ
aɯ̃	aɯ̃	1	◌a ◌ɯ ◌̃
aɵ̯	aɵ̯	1	◌a ◌ɵ ◌̯
aʊ	aʊ	5	◌a ◌ʊ
aʊ̃	aʊ̃	1	◌a ◌ʊ ◌̃
aː	aː	109	◌a ◌ː
aːi	aːi	2	◌a ◌ː ◌i
aːi̯	aːi̯	1	◌a ◌ː ◌i ◌̯
aːu	aːu	2	◌a ◌ː ◌u
aːu̯	aːu̯	1	◌a ◌ː ◌u ◌̯
aːɪ	aːɪ	1	◌a ◌ː ◌ɪ
aːɯ	aːɯ	1	◌a ◌ː ◌ɯ
a˞	a˞	4	◌a ◌˞
a˞ː	a˞ː	1	◌a ◌˞ ◌ː
a˞ˤ	a˞ˤ	1	◌a ◌˞ ◌ˤ
aˤ	aˤ	2	◌a ◌ˤ
aˤː	aˤː	2	◌a ◌ˤ ◌ː
ã	(ã)	1	◌a ◌̃
ã	ã	45	◌a ◌̃
ãĩ	ãĩ	1	◌a ◌̃ ◌i ◌̃
ãi̯	ãj	1	◌a ◌̃ ◌i ◌̯
ãõ	ãõ	1	◌a ◌̃ ◌o ◌̃
ãũ	ãũ	2	◌a ◌̃ ◌u ◌̃
ãu̯	ãw	1	◌a ◌̃ ◌u ◌̯
ãũ̯	ãw̃	1	◌a ◌̃ ◌u ◌̯ ◌̃
ãɛ̃	ãɛ̃	1	◌a ◌̃ ◌ɛ ◌̃
ãɪ̯ː	ãɪ̯ː	1	◌a ◌̃ ◌ɪ ◌̯ ◌ː
ãː	aː̃	1	◌a ◌̃ ◌ː
ãː	ãː	19	◌a ◌̃ ◌ː
ä	ä	73	◌a ◌̈
ä	ä̠	4	◌a ◌̈
ä	ä	4	◌a ◌̈
äi̯	äi̯	3	◌a ◌̈ ◌i ◌̯
äu̯	äu̯	5	◌a ◌̈ ◌u ◌̯
äː	äː	39	◌a ◌̈ ◌ː
äː	äː	5	◌a ◌̈ ◌ː
a̟	a̟	2	◌a ◌̟
a̠	a̠	4	◌a ◌̠
a̠ː	a̠ː	4	◌a ◌̠ ◌ː
a̤	a̤	5	◌a ◌̤
a̤ː	a̤ː	2	◌a ◌̤ ◌ː
ã̤	ã̤	1	◌a ◌̤ ◌̃
ã̤ː	ã̤ː	1	◌a ◌̤ ◌̃ ◌ː
ä̤	ä̤	1	◌a ◌̤ ◌̈
a̰	a̰	5	◌a ◌̰
a̰ɪ̰	a̰ɪ̰	1	◌a ◌̰ ◌ɪ ◌̰
a̰ɯ̰	a̰ɯ̰	1	◌a ◌̰ ◌ɯ ◌̰
b	b	358	◌b
bʰ	bʰ	26	◌b ◌ʰ
bʱ	bʱ	5	◌b ◌ʱ
bʱ	b̤ʱ	3	◌b ◌ʱ
bʲ	(bʲ)	1	◌b ◌ʲ
bʲ	bʲ	23	◌b ◌ʲ
bʲː	bʲː	1	◌b ◌ʲ ◌ː
bː	bː	3	◌b ◌ː
bˠ	bˠ	2	◌b ◌ˠ
bˤ	bˤ	3	◌b ◌ˤ
b̥	b̥	17	◌b ◌̥
b̥ː	b̥ː	1	◌b ◌̥ ◌ː
c	c	111	◌c
cç	cç	5	◌c ◌c ◌̧
cçʰ	cçʰ	2	◌c ◌c ◌̧ ◌ʰ
cçː	cçː	2	◌c ◌c ◌̧ ◌ː
cʰ	cʰ	44	◌c ◌ʰ
cʰː	cːʰ	1	◌c ◌ʰ ◌ː
cʼ	cʼ	5	◌c ◌ʼ
c̟	c̟	5	◌c ◌̟
ç	ç	29	◌c ◌̧
çʰ	çʰ	1	◌c ◌̧ ◌ʰ
çː	çː	3	◌c ◌̧ ◌ː
ç̟	ç̟	2	◌c ◌̧ ◌̟
d	d	217	◌d
dz	dz	110	◌d ◌z
dzʰ	dzʰ	5	◌d ◌z ◌ʰ
dzʱ	dzʱ	1	◌d ◌z ◌ʱ
dzʲ	dzʲ	7	◌d ◌z ◌ʲ
dzː	dzː	1	◌d ◌z ◌ː
dz̥	d̥z̥	2	◌d ◌z ◌̥
dz̥ʲ	d̥z̥ʲ	1	◌d ◌z ◌̥ ◌ʲ
dz̪	(dz̪)	1	◌d ◌z ◌̪
dz̪	d̪z	1	◌d ◌z ◌̪
dz̪	d̪z̪	14	◌d ◌z ◌̪
dz̪ʲ	d̪z̪ʲ	1	◌d ◌z ◌̪ ◌ʲ
dz̪ʲ	d̪ᶻʲ	1	◌d ◌z ◌̪ ◌ʲ
dz̺	dz̺	3	◌d ◌z ◌̺
dz̺	d̺z̺	1	◌d ◌z ◌̺
dz̺ː	d̺z̺ː	1	◌d ◌z ◌̺ ◌ː
dz̺̥	d̺̥z̺̥	7	◌d ◌z ◌̺ ◌̥
dz̻	dz̻	2	◌d ◌z ◌̻
dð̠	d͇z͇	1	◌d ◌ð ◌̠
dʑ	dʝ	1	◌d ◌ʑ
dʑ	dʑ	65	◌d ◌ʑ
dʑʰ	dʑʰ	2	◌d ◌ʑ ◌ʰ
dʑ̥	d̥ʑ̥	3	◌d ◌ʑ ◌̥
dʑ̻	d̻ʑ̻	1	◌d ◌ʑ ◌̻
dʑ̻ʱ	d̻ʑ̻ʱ	1	◌d ◌ʑ ◌̻ ◌ʱ
dʒ	dʒ	171	◌d ◌ʒ
dʒ	dẑ	1	◌d ◌ʒ
dʒʰ	dʒʰ	7	◌d ◌ʒ ◌ʰ
dʒʱ	dʒʱ	1	◌d ◌ʒ ◌ʱ
dʒʱ	d̤ʒ̤ʱ	3	◌d ◌ʒ ◌ʱ
dʒʲ	dʒʲ	5	◌d ◌ʒ ◌ʲ
dʒʷ	dẑʷ	3	◌d ◌ʒ ◌ʷ
dʒː	dʒː	2	◌d ◌ʒ ◌ː
dʒ̥	d̥ʒ̊	1	◌d ◌ʒ ◌̥
dʒ̥	d̥ʒ̥	7	◌d ◌ʒ ◌̥
dʒ̺	d̺ʒ̺	1	◌d ◌ʒ ◌̺
dʒ̺ʷ	d̺ʒ̺ʷ	1	◌d ◌ʒ ◌̺ ◌ʷ
dʒ̻	dʒ̻	1	◌d ◌ʒ ◌̻
dʒ̻	d̻ʒ̻	1	◌d ◌ʒ ◌̻
dʒ̻ʱ	dʒ̻ʱ	1	◌d ◌ʒ ◌̻ ◌ʱ
dʰ	dʰ	15	◌d ◌ʰ
dʱ	dʱ	1	◌d ◌ʱ
dʲ	(dʲ)	1	◌d ◌ʲ
dʲ	dʲ	22	◌d ◌ʲ
dʷ	dʷ	2	◌d ◌ʷ
dʼ	dʼ	1	◌d ◌ʼ
dː	dː	3	◌d ◌ː
dˤ	dˤ	5	◌d ◌ˤ
d̠	d̠	1	◌d ◌̠
d̠ʰ	d̠ʰ	1	◌d ◌̠ ◌ʰ
d̠ʲ	d̠ʲ	1	◌d ◌̠ ◌ʲ
d̥	d̥	4	◌d ◌̥
d̥ʲ	d̥ʲ	1	◌d ◌̥ ◌ʲ
d̥ː	d̥ː	1	◌d ◌̥ ◌ː
d̪	d̪	123	◌d ◌̪
d̪ʰ	d̪ʰ	11	◌d ◌̪ ◌ʰ
d̪ʱ	d̪ʱ	5	◌d ◌̪ ◌ʱ
d̪ʱ	d̪̤ʱ	1	◌d ◌̪ ◌ʱ
d̪ʲ	d̪ʲ	4	◌d ◌̪ ◌ʲ
d̪ˠ	d̪ˠ	2	◌d ◌̪ ◌ˠ
d̪ˤ	d̪ˤ	2	◌d ◌̪ ◌ˤ
d̪̥	d̪̥	2	◌d ◌̪ ◌̥
d̪̺	d̪̺	1	◌d ◌̪ ◌̺
d̪̻	d̪̻	1	◌d ◌̪ ◌̻
d̺	d̺	9	◌d ◌̺
d̺ʱ	d̺ʱ	1	◌d ◌̺ ◌ʱ
d̺̥	d̺̥	11	◌d ◌̺ ◌̥
d̻	d̻	12	◌d ◌̻
d̻ʱ	d̻̤ʱ	2	◌d ◌̻ ◌ʱ
e	e	237	◌e
ea	ea	4	◌e ◌a
ea̤	ea̤	1	◌e ◌a ◌̤
ei	ei	18	◌e ◌i
ei̯	ei̯	6	◌e ◌i ◌̯
ei̯	ej	5	◌e ◌i ◌̯
eo	eo	1	◌e ◌o
eu	eu	12	◌e ◌u
eu̯	eu̯	2	◌e ◌u ◌̯
eu̯	ew	2	◌e ◌u ◌̯
eɑ	eɑ	1	◌e ◌ɑ
eə	eə	1	◌e ◌ə
eɛ	eɛ	1	◌e ◌ɛ
eɪ	eɪ	4	◌e ◌ɪ
eɪ̃	eɪ̃	2	◌e ◌ɪ ◌̃
eː	eː	116	◌e ◌ː
eːi	eːi	2	◌e ◌ː ◌i
eːi̯	eːi̯	2	◌e ◌ː ◌i ◌̯
eːː	eːː	1	◌e ◌ː ◌ː
eˑ	eˑ	2	◌e ◌ˑ
e˞	e˞	3	◌e ◌˞
ẽ	ẽ	45	◌e ◌̃
ẽi̯	ẽj	1	◌e ◌̃ ◌i ◌̯
ẽɪ̃	ẽɪ̃	1	◌e ◌̃ ◌ɪ ◌̃
ẽː	ẽː	16	◌e ◌̃ ◌ː
ĕ	ĕ	3	◌e ◌̆
e̞	e̞	56	◌e ◌̞
e̞u̯	e̞u̯	1	◌e ◌̞ ◌u ◌̯
e̞ː	(e̞ː)	1	◌e ◌̞ ◌ː
e̞ː	e̞ː	18	◌e ◌̞ ◌ː
ẽ̞	ẽ̞	1	◌e ◌̞ ◌̃
ẽ̞	ẽ̞	4	◌e ◌̞ ◌̃
ẽ̞ː	ẽ̞ː	3	◌e ◌̞ ◌̃ ◌ː
e̞̰	e̞̰	1	◌e ◌̞ ◌̰
e̠	e̠	1	◌e ◌̠
e̤	e̤	6	◌e ◌̤
e̤ː	e̤ː	1	◌e ◌̤ ◌ː
e̯ä	e̯ä	1	◌e ◌̯ ◌a ◌̈
ḛ	ḛ	3	◌e ◌̰
ḛɪ̰	ḛɪ̰	1	◌e ◌̰ ◌ɪ ◌̰
f	f	248	◌f
fʲ	fʲ	17	◌f ◌ʲ
fʲː	fʲː	1	◌f ◌ʲ ◌ː
fʼ	fʼ	4	◌f ◌ʼ
fː	fː	4	◌f ◌ː
fˠ	fˠ	2	◌f ◌ˠ
f̩	f̩	1	◌f ◌̩
g	g	298	◌g
g	ɡ	23	◌g
gʰ	gʰ	25	◌g ◌ʰ
gʱ	gʱ	5	◌g ◌ʱ
gʱ	g̤ʱ	3	◌g ◌ʱ
gʲ	(gʲ)	1	◌g ◌ʲ
gʲ	gʲ	17	◌g ◌ʲ
gʲ	ɡʲ	4	◌g ◌ʲ
gʲː	gʲː	1	◌g ◌ʲ ◌ː
gʷ	gʷ	9	◌g ◌ʷ
gʷ	ɡʷ	3	◌g ◌ʷ
gʷː	gːʷ	1	◌g ◌ʷ ◌ː
gː	gː	3	◌g ◌ː
g̊	g̊	16	◌g ◌̊
g̥ʷ	g̊ʷ	10	◌g ◌̥ ◌ʷ
g̥ː	g̊ː	1	◌g ◌̥ ◌ː
h	h	276	◌h
hʲ	hʲ	4	◌h ◌ʲ
hʷ	hʷ	1	◌h ◌ʷ
hː	hː	1	◌h ◌ː
h̃	h̃	3	◌h ◌̃
i	i	361	◌i
ia	ia	30	◌i ◌a
ie	ie	21	◌i ◌e
iẽ	iẽ	4	◌i ◌e ◌̃
iẽː	iẽː	1	◌i ◌e ◌̃ ◌ː
ie̞	ie̞	2	◌i ◌e ◌̞
io	io	8	◌i ◌o
iu	iu	19	◌i ◌u
iu̯	iu̯	2	◌i ◌u ◌̯
iu̯	iw	1	◌i ◌u ◌̯
iæ	iæ	2	◌i ◌æ
iæ̃	iæ̃	1	◌i ◌æ ◌̃
iø	iø	1	◌i ◌ø
iɐ	iɐ	1	◌i ◌ɐ
iɑ	iɑ	5	◌i ◌ɑ
iɔ	iɔ	5	◌i ◌ɔ
iɘ	iɘ	1	◌i ◌ɘ
iə	iə	10	◌i ◌ə
iə̯	iə̯	1	◌i ◌ə ◌̯
iɛ	iɛ	13	◌i ◌ɛ
iɛː	iɛː	1	◌i ◌ɛ ◌ː
iɛ̃	iɛ̃	2	◌i ◌ɛ ◌̃
iɛ̠	iɛ̠	1	◌i ◌ɛ ◌̠
iɜ	iɜ	1	◌i ◌ɜ
iɪ̯	iɪ̯	2	◌i ◌ɪ ◌̯
iː	(iː)	2	◌i ◌ː
iː	ii	2	◌i ◌ː
iː	iː	179	◌i ◌ː
iːə	iːə	1	◌i ◌ː ◌ə
iːɛ	iːɛ	1	◌i ◌ː ◌ɛ
iːː	iːː	1	◌i ◌ː ◌ː
iˑ	iˑ	2	◌i ◌ˑ
i˞	i˞	2	◌i ◌˞
i˞ˤ	i˞ˤ	1	◌i ◌˞ ◌ˤ
i˞ˤː	i˞ˤː	1	◌i ◌˞ ◌ˤ ◌ː
iˤ	iˤ	2	◌i ◌ˤ
iˤæ	iˤæ	1	◌i ◌ˤ ◌æ
iˤː	iˤː	2	◌i ◌ˤ ◌ː
ĩ	ĩ	62	◌i ◌̃
ĩã	ĩã	1	◌i ◌̃ ◌a ◌̃
ĩẽ	ĩẽ	1	◌i ◌̃ ◌e ◌̃
ĩõ	ĩõ	1	◌i ◌̃ ◌o ◌̃
ĩɛ̃ː	ĩɛ̃ː	1	◌i ◌̃ ◌ɛ ◌̃ ◌ː
ĩː	ĩː	27	◌i ◌̃ ◌ː
i̘	i̘	1	◌i ◌̘
i̞	i̞	4	◌i ◌̞
i̞ː	i̞ː	1	◌i ◌̞ ◌ː
ĩ̞	ĩ̞	2	◌i ◌̞ ◌̃
i̠	i̠	1	◌i ◌̠
i̤	i̤	8	◌i ◌̤
i̤a	i̤a	1	◌i ◌̤ ◌a
i̤ɐ	i̤ɐ	1	◌i ◌̤ ◌ɐ
i̤ː	i̤ː	2	◌i ◌̤ ◌ː
ĩ̤ː	ĩ̤ː	1	◌i ◌̤ ◌̃ ◌ː
i̯	i̯	22	◌i ◌̯
i̯a	i̯a	1	◌i ◌̯ ◌a
i̯a	ja	3	◌i ◌̯ ◌a
i̯aː	jaː	1	◌i ◌̯ ◌a ◌ː
i̯e	i̯e	2	◌i ◌̯ ◌e
i̯e	je	6	◌i ◌̯ ◌e
i̯ẽ	i̯ẽ	1	◌i ◌̯ ◌e ◌̃
i̯ẽ	jẽ	3	◌i ◌̯ ◌e ◌̃
i̯e̞	(i̯e̞)	1	◌i ◌̯ ◌e ◌̞
i̯i	ji	1	◌i ◌̯ ◌i
i̯o	jo	2	◌i ◌̯ ◌o
i̯oː	joː	1	◌i ◌̯ ◌o ◌ː
i̯u	ju	2	◌i ◌̯ ◌u
i̯uː	juː	1	◌i ◌̯ ◌u ◌ː
i̯æ	jæ	1	◌i ◌̯ ◌æ
i̯ɔ	jɔ	3	◌i ◌̯ ◌ɔ
i̯ɛ	i̯ɛ	1	◌i ◌̯ ◌ɛ
i̯ɛ	jɛ	3	◌i ◌̯ ◌ɛ
i̯ɛː	jɛː	1	◌i ◌̯ ◌ɛ ◌ː
i̯ɛ̃	jɛ̃	1	◌i ◌̯ ◌ɛ ◌̃
i̯ː	ii̯	1	◌i ◌̯ ◌ː
i̯ː	ij	1	◌i ◌̯ ◌ː
ĩ̯	ĩ̯	3	◌i ◌̯ ◌̃
ḭ	ḭ	3	◌i ◌̰
ḭː	ḭː	1	◌i ◌̰ ◌ː
i̽	i̽	1	◌i ◌̽
j	j	404	◌j
jʰ	jʰ	1	◌j ◌ʰ
jˀ	jˀ	1	◌j ◌ˀ
jː	jː	1	◌j ◌ː
j̃	j̃	3	◌j ◌̃
j̊	j̊	7	◌j ◌̊
k	k	372	◌k
kx	kx	3	◌k ◌x
kxʰː	kxːʰ	1	◌k ◌x ◌ʰ ◌ː
kxʼː	kxːʼ	2	◌k ◌x ◌ʼ ◌ː
kʰ	kʰ	241	◌k ◌ʰ
kʰː	kːʰ	1	◌k ◌ʰ ◌ː
kʲ	kʲ	18	◌k ◌ʲ
kʲʰ	kʰʲ	5	◌k ◌ʲ ◌ʰ
kʲʰ	kʲʰ	4	◌k ◌ʲ ◌ʰ
kʲʷ	kʷʲ	1	◌k ◌ʲ ◌ʷ
kʲʷʰ	kʰʷʲ	1	◌k ◌ʲ ◌ʷ ◌ʰ
kʲː	kʲː	1	◌k ◌ʲ ◌ː
kʷ	kʷ	24	◌k ◌ʷ
kʷʰ	kʰʷ	13	◌k ◌ʷ ◌ʰ
kʷʰ	kʷʰ	7	◌k ◌ʷ ◌ʰ
kʷʰː	kːʷʰ	1	◌k ◌ʷ ◌ʰ ◌ː
kʷː	kːʷ	2	◌k ◌ʷ ◌ː
kʼ	kʼ	43	◌k ◌ʼ
kʼ	k’	2	◌k ◌ʼ
kʼʲ	kʲʼ	4	◌k ◌ʼ ◌ʲ
kʼʲ	kʼʲ	1	◌k ◌ʼ ◌ʲ
kʼʲʷ	kʼʷʲ	1	◌k ◌ʼ ◌ʲ ◌ʷ
kʼʷ	kʷʼ	3	◌k ◌ʼ ◌ʷ
kʼʷ	kʼʷ	18	◌k ◌ʼ ◌ʷ
kʼʷ	k’ʷ	1	◌k ◌ʼ ◌ʷ
kʼʷː	kʼːʷ	1	◌k ◌ʼ ◌ʷ ◌ː
kʼː	kʼː	1	◌k ◌ʼ ◌ː
kː	kː	7	◌k ◌ː
kˤ	kˤ	1	◌k ◌ˤ
l	l	337	◌l
lʰ	lʰ	3	◌l ◌ʰ
lʱ	lʱ	2	◌l ◌ʱ
lʲ	(lʲ)	1	◌l ◌ʲ
lʲ	lʲ	34	◌l ◌ʲ
lʲʰ	lʲʰ	1	◌l ◌ʲ ◌ʰ
lʲː	lʲː	1	◌l ◌ʲ ◌ː
lː	lː	4	◌l ◌ː
lˠ	lˠ	1	◌l ◌ˠ
lˠ	ɫ	31	◌l ◌ˠ
lˠː	ɫː	1	◌l ◌ˠ ◌ː
lˤ	lˤ	3	◌l ◌ˤ
l̠ʲ	l̠ʲ	1	◌l ◌̠ ◌ʲ
l̥	l̥	51	◌l ◌̥
l̥ʲ	l̥ʲ	3	◌l ◌̥ ◌ʲ
l̥ʲː	l̥ʲː	1	◌l ◌̥ ◌ʲ ◌ː
l̥ː	l̥ː	2	◌l ◌̥ ◌ː
l̥ˠ	ɫ̥	1	◌l ◌̥ ◌ˠ
l̩	l̩	4	◌l ◌̩
l̪	l̪	29	◌l ◌̪
l̪ʱ	l̪ʱ	1	◌l ◌̪ ◌ʱ
l̪ʲ	l̪ʲ	3	◌l ◌̪ ◌ʲ
l̪ˠ	l̪ˠ	2	◌l ◌̪ ◌ˠ
l̪ˠ	ɫ̪	8	◌l ◌̪ ◌ˠ
l̪̥	l̪̊	1	◌l ◌̪ ◌̥
l̺	l̺	15	◌l ◌̺
l̺ˠ	ɫ̺	3	◌l ◌̺ ◌ˠ
l̻	l̻	6	◌l ◌̻
l̻ˠ	ɫ̻	1	◌l ◌̻ ◌ˠ
m	m	441	◌m
m	m 	1	◌m
mʰ	mʰ	4	◌m ◌ʰ
mʱ	mʱ	2	◌m ◌ʱ
mʲ	mʲ	29	◌m ◌ʲ
mʲː	mʲː	1	◌m ◌ʲ ◌ː
mʷ	mʷ	2	◌m ◌ʷ
mː	mː	4	◌m ◌ː
mˠ	mˠ	2	◌m ◌ˠ
mˤ	mˤ	5	◌m ◌ˤ
m̥	m̥	32	◌m ◌̥
m̥ʲ	m̥ʲ	2	◌m ◌̥ ◌ʲ
m̥ʲː	m̥ʲː	1	◌m ◌̥ ◌ʲ ◌ː
m̥ː	m̥ː	1	◌m ◌̥ ◌ː
m̩	m̩	6	◌m ◌̩
n	n	319	◌n
nʰ	nʰ	2	◌n ◌ʰ
nʱ	nʱ	2	◌n ◌ʱ
nʲ	(nʲ)	1	◌n ◌ʲ
nʲ	nʲ	28	◌n ◌ʲ
nʲː	nʲː	1	◌n ◌ʲ ◌ː
nː	nː	4	◌n ◌ː
nˠ	nˠ	1	◌n ◌ˠ
nˤ	nˤ	1	◌n ◌ˤ
n̠ʲ	n̠ʲ	1	◌n ◌̠ ◌ʲ
n̥	n̥	29	◌n ◌̥
n̥ʲ	n̥ʲ	1	◌n ◌̥ ◌ʲ
n̥ʲː	n̥ʲː	1	◌n ◌̥ ◌ʲ ◌ː
n̥ː	n̥ː	1	◌n ◌̥ ◌ː
n̩	n̩	3	◌n ◌̩
n̪	n̪	80	◌n ◌̪
n̪ʰ	n̪ʰ	1	◌n ◌̪ ◌ʰ
n̪ʱ	n̪ʱ	1	◌n ◌̪ ◌ʱ
n̪ʲ	n̪ʲ	5	◌n ◌̪ ◌ʲ
n̪ˠ	n̪ˠ	2	◌n ◌̪ ◌ˠ
n̪̥	n̪̊	1	◌n ◌̪ ◌̥
n̪̥	n̪̥	1	◌n ◌̪ ◌̥
n̪̩	n̪̩	1	◌n ◌̪ ◌̩
n̪̺	n̥̪	1	◌n ◌̪ ◌̺
n̪̺	n̺̪	1	◌n ◌̪ ◌̺
n̺	n̺	30	◌n ◌̺
n̻	n̻	11	◌n ◌̻
o	o	249	◌o
oa	oa	3	◌o ◌a
oä	oä	1	◌o ◌a ◌̈
oe	oe	3	◌o ◌e
oi	oi	16	◌o ◌i
oi̯	oi̯	5	◌o ◌i ◌̯
oi̯	oj	3	◌o ◌i ◌̯
ou	ou	13	◌o ◌u
ou̯	ou̯	6	◌o ◌u ◌̯
ou̯	ow	1	◌o ◌u ◌̯
oɑ	oɑ	1	◌o ◌ɑ
oɔ	oɔ	2	◌o ◌ɔ
oə	oə	2	◌o ◌ə
oʊ	oʊ	1	◌o ◌ʊ
oʊ̃	oʊ̃	1	◌o ◌ʊ ◌̃
oː	oː	112	◌o ◌ː
oːu	oːu	1	◌o ◌ː ◌u
oːu̯	oːu̯	2	◌o ◌ː ◌u ◌̯
oːː	oːː	1	◌o ◌ː ◌ː
oˑ	oˑ	1	◌o ◌ˑ
o˞	o˞	1	◌o ◌˞
oˤ	oˤ	2	◌o ◌ˤ
oˤː	oˤː	2	◌o ◌ˤ ◌ː
õ	õ	42	◌o ◌̃
õã	õã	1	◌o ◌̃ ◌a ◌̃
õi	õi	1	◌o ◌̃ ◌i
õi̯	õj	1	◌o ◌̃ ◌i ◌̯
õː	õː	19	◌o ◌̃ ◌ː
õːu	õːu	1	◌o ◌̃ ◌ː ◌u
ŏ	ŏ	1	◌o ◌̆
o̞	o̞	62	◌o ◌̞
o̞a	o̞a	1	◌o ◌̞ ◌a
o̞ä	o̞ä	1	◌o ◌̞ ◌a ◌̈
o̞i̯	o̞i̯	1	◌o ◌̞ ◌i ◌̯
o̞ː	o̞ː	20	◌o ◌̞ ◌ː
õ̞	õ̞	4	◌o ◌̞ ◌̃
o̞̙	o̞̙	1	◌o ◌̞ ◌̙
o̞̜	o̞̜	2	◌o ◌̞ ◌̜
o̞̜ː	o̞̜ː	1	◌o ◌̞ ◌̜ ◌ː
o̟ː	o̟ː	1	◌o ◌̟ ◌ː
o̤	o̤	6	◌o ◌̤
o̤ː	o̤ː	2	◌o ◌̤ ◌ː
o̯ä	o̯ä	1	◌o ◌̯ ◌a ◌̈
o̯ː	oo̯	1	◌o ◌̯ ◌ː
o̰	o̰	2	◌o ◌̰
p	p	382	◌p
pf	pf	2	◌p ◌f
pʰ	pʰ	241	◌p ◌ʰ
pʰː	pːʰ	1	◌p ◌ʰ ◌ː
pʲ	pʲ	27	◌p ◌ʲ
pʲʰ	pʲʰ	3	◌p ◌ʲ ◌ʰ
pʲː	pʲː	1	◌p ◌ʲ ◌ː
pʷ	pʷ	1	◌p ◌ʷ
pʷʰ	pʰʷ	1	◌p ◌ʷ ◌ʰ
pʼ	pʼ	40	◌p ◌ʼ
pʼ	p’	1	◌p ◌ʼ
pʼʲ	pʼʲ	1	◌p ◌ʼ ◌ʲ
pʼʷ	pʼʷ	1	◌p ◌ʼ ◌ʷ
pː	pː	10	◌p ◌ː
pˠ	pˠ	1	◌p ◌ˠ
pˠʰ	pˠʰ	1	◌p ◌ˠ ◌ʰ
pˤ	pˤ	4	◌p ◌ˤ
pˤʰ	pʰˤ	1	◌p ◌ˤ ◌ʰ
q	q	92	◌q
qʰ	qʰ	34	◌q ◌ʰ
qʲ	qʲ	1	◌q ◌ʲ
qʲʰ	qʰʲ	1	◌q ◌ʲ ◌ʰ
qʲʷ	qʷʲ	1	◌q ◌ʲ ◌ʷ
qʲʷʰ	qʰʷʲ	1	◌q ◌ʲ ◌ʷ ◌ʰ
qʷ	qʷ	17	◌q ◌ʷ
qʷʰ	qʰʷ	2	◌q ◌ʷ ◌ʰ
qʷʰ	qʷʰ	1	◌q ◌ʷ ◌ʰ
qʷː	qːʷ	2	◌q ◌ʷ ◌ː
qʼ	qʼ	17	◌q ◌ʼ
qʼ	q’	1	◌q ◌ʼ
qʼʲ	qʲʼ	2	◌q ◌ʼ ◌ʲ
qʼʲ	qʼʲ	1	◌q ◌ʼ ◌ʲ
qʼʲʷ	qʼʷʲ	1	◌q ◌ʼ ◌ʲ ◌ʷ
qʼʷ	qʷʼ	3	◌q ◌ʼ ◌ʷ
qʼʷ	qʼʷ	6	◌q ◌ʼ ◌ʷ
qʼʷ	q’ʷ	1	◌q ◌ʼ ◌ʷ
qʼʷː	qʼːʷ	1	◌q ◌ʼ ◌ʷ ◌ː
qʼː	qʼː	1	◌q ◌ʼ ◌ː
qʼˤ	qˤʼ	1	◌q ◌ʼ ◌ˤ
qː	qː	9	◌q ◌ː
qˤ	qˤ	2	◌q ◌ˤ
q̺	q̺	1	◌q ◌̺
qχ	qχ	3	◌q ◌χ
qχʰ	qχʰ	1	◌q ◌χ ◌ʰ
qχʰː	qχːʰ	2	◌q ◌χ ◌ʰ ◌ː
qχʼ	qχʼ	8	◌q ◌χ ◌ʼ
qχʼː	qχːʼ	1	◌q ◌χ ◌ʼ ◌ː
r	r	258	◌r
rʰ	rʰ	2	◌r ◌ʰ
rʱ	rʱ	2	◌r ◌ʱ
rʲ	rʲ	24	◌r ◌ʲ
rʲː	rʲː	1	◌r ◌ʲ ◌ː
rː	rː	5	◌r ◌ː
rˤ	rˤ	4	◌r ◌ˤ
r̝	r̝	2	◌r ◌̝
r̥	r̥	26	◌r ◌̥
r̥ʲ	r̥ʲ	2	◌r ◌̥ ◌ʲ
r̥ʲː	r̥ʲː	1	◌r ◌̥ ◌ʲ ◌ː
r̥ː	r̥ː	1	◌r ◌̥ ◌ː
r̩	r̩	3	◌r ◌̩
r̩ː	r̩ː	1	◌r ◌̩ ◌ː
r̪	r̪	17	◌r ◌̪
r̪ʲ	r̪ʲ	1	◌r ◌̪ ◌ʲ
r̺	r̺	24	◌r ◌̺
r̺ʲ	r̺ʲ	1	◌r ◌̺ ◌ʲ
r̺̥	r̺̥	1	◌r ◌̺ ◌̥
s	s	345	◌s
sʰ	sʰ	22	◌s ◌ʰ
sʲ	(sʲ)	1	◌s ◌ʲ
sʲ	sʲ	30	◌s ◌ʲ
sʲʰ	sʲʰ	1	◌s ◌ʲ ◌ʰ
sʲː	sʲː	1	◌s ◌ʲ ◌ː
sʷ	sʷ	2	◌s ◌ʷ
sʼ	sʼ	1	◌s ◌ʼ
sʼ	s’	1	◌s ◌ʼ
sʼː	sːʼ	1	◌s ◌ʼ ◌ː
sː	sː	13	◌s ◌ː
sˠ	sˠ	2	◌s ◌ˠ
sˤ	sˤ	9	◌s ◌ˤ
s̠	s̠	2	◌s ◌̠
s̠̺	s̺̠	1	◌s ◌̠ ◌̺
s̠̻	s̠̻	1	◌s ◌̠ ◌̻
s̩	s̩	1	◌s ◌̩
s̪	s̪	42	◌s ◌̪
s̪ʲ	s̪ʲ	1	◌s ◌̪ ◌ʲ
s̪ʲʷ	s̪ʷʲ	1	◌s ◌̪ ◌ʲ ◌ʷ
s̪ʷ	s̪ʷ	1	◌s ◌̪ ◌ʷ
s̪ː	s̪ː	1	◌s ◌̪ ◌ː
s̪ˤ	s̪ˤ	1	◌s ◌̪ ◌ˤ
s̪̻	s̪̻	1	◌s ◌̪ ◌̻
s̺	s̺	28	◌s ◌̺
s̺ː	s̺ː	1	◌s ◌̺ ◌ː
s̻	s̻	14	◌s ◌̻
t	 t	1	◌t
t	t	240	◌t
ts	ts	173	◌t ◌s
ts	tˢ	1	◌t ◌s
tsʰ	tsʰ	110	◌t ◌s ◌ʰ
tsʰː	tsːʰ	3	◌t ◌s ◌ʰ ◌ː
tsʲ	tsʲ	16	◌t ◌s ◌ʲ
tsʲː	tsʲː	1	◌t ◌s ◌ʲ ◌ː
tsʷ	tsʷ	1	◌t ◌s ◌ʷ
tsʷʰ	tsʰʷ	1	◌t ◌s ◌ʷ ◌ʰ
tsʼ	tsʼ	29	◌t ◌s ◌ʼ
tsʼ	ts’	1	◌t ◌s ◌ʼ
tsʼʷ	tsʼʷ	2	◌t ◌s ◌ʼ ◌ʷ
tsʼː	tsʼː	1	◌t ◌s ◌ʼ ◌ː
tsʼː	tsːʼ	1	◌t ◌s ◌ʼ ◌ː
tsː	tsː	4	◌t ◌s ◌ː
tsˤʰ	tsʰˤ	1	◌t ◌s ◌ˤ ◌ʰ
ts̪	ts̪	1	◌t ◌s ◌̪
ts̪	t̪s	2	◌t ◌s ◌̪
ts̪	t̪s̪	26	◌t ◌s ◌̪
ts̪ʰ	t̪s̪ʰ	6	◌t ◌s ◌̪ ◌ʰ
ts̪ʲ	t̪s̪ʲ	3	◌t ◌s ◌̪ ◌ʲ
ts̪ʲʰ	t̪s̪ʰʲ	1	◌t ◌s ◌̪ ◌ʲ ◌ʰ
ts̪ʲʷ	t̪s̪ʷʲ	1	◌t ◌s ◌̪ ◌ʲ ◌ʷ
ts̪ʲʷʰ	t̪s̪ʰʷʲ	1	◌t ◌s ◌̪ ◌ʲ ◌ʷ ◌ʰ
ts̪ʷ	t̪s̪ʷ	1	◌t ◌s ◌̪ ◌ʷ
ts̪ʷʰ	t̪s̪ʰʷ	1	◌t ◌s ◌̪ ◌ʷ ◌ʰ
ts̪ʼ	t̪s̪ʼ	2	◌t ◌s ◌̪ ◌ʼ
ts̪ʼʲ	t̪s̪ʼʲ	1	◌t ◌s ◌̪ ◌ʼ ◌ʲ
ts̪ʼʲʷ	t̪s̪ʼʷʲ	1	◌t ◌s ◌̪ ◌ʼ ◌ʲ ◌ʷ
ts̪ʼʷ	t̪s̪ʼʷ	1	◌t ◌s ◌̪ ◌ʼ ◌ʷ
ts̪ː	t̪s̪ː	1	◌t ◌s ◌̪ ◌ː
ts̪̻	ts̪̻	1	◌t ◌s ◌̪ ◌̻
ts̪̻	t̪̻s̪̻	1	◌t ◌s ◌̪ ◌̻
ts̪̻	t̻s̻̪	5	◌t ◌s ◌̪ ◌̻
ts̺	ts̺	6	◌t ◌s ◌̺
ts̺	t̺s̺	11	◌t ◌s ◌̺
ts̺ʰ	t̺s̺ʰ	7	◌t ◌s ◌̺ ◌ʰ
ts̺ʼ	t̺s̺ʼ	9	◌t ◌s ◌̺ ◌ʼ
ts̺ː	t̺s̺ː	4	◌t ◌s ◌̺ ◌ː
ts̻	ts̻	5	◌t ◌s ◌̻
ts̻	t̻s̻	1	◌t ◌s ◌̻
tɕ	tç	1	◌t ◌ɕ
tɕ	tɕ	94	◌t ◌ɕ
tɕʰ	tɕʰ	57	◌t ◌ɕ ◌ʰ
tɕʼ	tɕʼ	2	◌t ◌ɕ ◌ʼ
tɕː	tɕː	1	◌t ◌ɕ ◌ː
tɕ̺	t̺ɕ̺	1	◌t ◌ɕ ◌̺
tɕ̺ʼ	t̺ɕ̺ʼ	1	◌t ◌ɕ ◌̺ ◌ʼ
tɕ̻	t̻ɕ̻	1	◌t ◌ɕ ◌̻
tɕ̻ʰ	t̻ɕ̻ʰ	1	◌t ◌ɕ ◌̻ ◌ʰ
tɬ	tɬ	1	◌t ◌ɬ
tɬʰ	tɬʰ	1	◌t ◌ɬ ◌ʰ
tɬʰː	tɬːʰ	3	◌t ◌ɬ ◌ʰ ◌ː
tɬʷʰ	tɬʰʷ	1	◌t ◌ɬ ◌ʷ ◌ʰ
tɬʼ	tɬʼ	3	◌t ◌ɬ ◌ʼ
tɬʼ	tɬ’	1	◌t ◌ɬ ◌ʼ
tɬʼʷ	tɬʼʷ	1	◌t ◌ɬ ◌ʼ ◌ʷ
tɬʼː	tɬʼː	1	◌t ◌ɬ ◌ʼ ◌ː
tɬʼː	tɬːʼ	2	◌t ◌ɬ ◌ʼ ◌ː
tɬː	tɬː	1	◌t ◌ɬ ◌ː
tɬ̪	t̪ɬ	1	◌t ◌ɬ ◌̪
tɬ̪ʼ	t̪ɬʼ	1	◌t ◌ɬ ◌̪ ◌ʼ
tʃ	tʃ	193	◌t ◌ʃ
tʃʰ	tŝʰ	1	◌t ◌ʃ ◌ʰ
tʃʰ	tʃʰ	92	◌t ◌ʃ ◌ʰ
tʃʰː	tʃːʰ	3	◌t ◌ʃ ◌ʰ ◌ː
tʃʲ	tʃʲ	6	◌t ◌ʃ ◌ʲ
tʃʲː	tʃːʲ	1	◌t ◌ʃ ◌ʲ ◌ː
tʃʷ	tŝʷ	1	◌t ◌ʃ ◌ʷ
tʃʷ	tʃʷ	3	◌t ◌ʃ ◌ʷ
tʃʷʰ	tŝʷʰ	2	◌t ◌ʃ ◌ʷ ◌ʰ
tʃʷʰ	tʃʰʷ	1	◌t ◌ʃ ◌ʷ ◌ʰ
tʃʷʰ	tʃʷʰ	1	◌t ◌ʃ ◌ʷ ◌ʰ
tʃʷː	tʃːʷ	1	◌t ◌ʃ ◌ʷ ◌ː
tʃʼ	tŝʼ	1	◌t ◌ʃ ◌ʼ
tʃʼ	tʃʼ	36	◌t ◌ʃ ◌ʼ
tʃʼ	tʃ’	1	◌t ◌ʃ ◌ʼ
tʃʼʷ	tŝʷʼ	2	◌t ◌ʃ ◌ʼ ◌ʷ
tʃʼʷ	tʃʼʷ	2	◌t ◌ʃ ◌ʼ ◌ʷ
tʃʼː	tʃʼː	1	◌t ◌ʃ ◌ʼ ◌ː
tʃʼː	tʃːʼ	1	◌t ◌ʃ ◌ʼ ◌ː
tʃʼˤ	tʃʼˤ	1	◌t ◌ʃ ◌ʼ ◌ˤ
tʃː	tʃː	4	◌t ◌ʃ ◌ː
tʃˤ	tʃˤ	6	◌t ◌ʃ ◌ˤ
tʃˤʰ	tʃʰˤ	1	◌t ◌ʃ ◌ˤ ◌ʰ
tʃ̺	tʃ̺	1	◌t ◌ʃ ◌̺
tʃ̺	t̺ʃ̺	1	◌t ◌ʃ ◌̺
tʃ̺ʰ	tʃ̺ʰ	1	◌t ◌ʃ ◌̺ ◌ʰ
tʃ̺ʷ	t̺ʃ̺ʷ	1	◌t ◌ʃ ◌̺ ◌ʷ
tʃ̻	tʃ̻	1	◌t ◌ʃ ◌̻
tʃ̻	t̻ʃ̻	1	◌t ◌ʃ ◌̻
tʃ̻ʰ	tʃ̻ʰ	1	◌t ◌ʃ ◌̻ ◌ʰ
tʰ	tʰ	167	◌t ◌ʰ
tʲ	tʲ	27	◌t ◌ʲ
tʲʰ	tʰʲ	3	◌t ◌ʲ ◌ʰ
tʲʰ	tʲʰ	3	◌t ◌ʲ ◌ʰ
tʲː	tʲː	1	◌t ◌ʲ ◌ː
tʷ	tʷ	1	◌t ◌ʷ
tʷʰ	tʰʷ	1	◌t ◌ʷ ◌ʰ
tʷʰ	tʷʰ	3	◌t ◌ʷ ◌ʰ
tʼ	tʼ	12	◌t ◌ʼ
tʼ	t’	1	◌t ◌ʼ
tʼʷ	tʷʼ	2	◌t ◌ʼ ◌ʷ
tʼʷ	tʼʷ	3	◌t ◌ʼ ◌ʷ
tː	tː	6	◌t ◌ː
tˤ	tˤ	8	◌t ◌ˤ
t̠	t̠	1	◌t ◌̠
t̠ʰ	t̠ʰ	1	◌t ◌̠ ◌ʰ
t̠ʲ	t̠ʲ	1	◌t ◌̠ ◌ʲ
t̪	t̪	113	◌t ◌̪
t̪ʰ	t̪ʰ	66	◌t ◌̪ ◌ʰ
t̪ʲ	t̪ʲ	4	◌t ◌̪ ◌ʲ
t̪ʲʷ	t̪ʷʲ	1	◌t ◌̪ ◌ʲ ◌ʷ
t̪ʲʷʰ	t̪ʰʷʲ	1	◌t ◌̪ ◌ʲ ◌ʷ ◌ʰ
t̪ʷ	t̪ʷ	1	◌t ◌̪ ◌ʷ
t̪ʷʰ	t̪ʰʷ	1	◌t ◌̪ ◌ʷ ◌ʰ
t̪ʼ	t̪ʼ	19	◌t ◌̪ ◌ʼ
t̪ʼ	t̪’	1	◌t ◌̪ ◌ʼ
t̪ʼʲ	t̪ʼʲ	1	◌t ◌̪ ◌ʼ ◌ʲ
t̪ʼʲʷ	t̪ʼʷʲ	1	◌t ◌̪ ◌ʼ ◌ʲ ◌ʷ
t̪ʼʷ	t̪ʼʷ	1	◌t ◌̪ ◌ʼ ◌ʷ
t̪ʼˤ	t̪ʼˤ	1	◌t ◌̪ ◌ʼ ◌ˤ
t̪ː	t̪ː	6	◌t ◌̪ ◌ː
t̪ˠ	t̪ˠ	1	◌t ◌̪ ◌ˠ
t̪ˠʰ	t̪ˠʰ	1	◌t ◌̪ ◌ˠ ◌ʰ
t̪ˢʲ	t̪ˢʲ	1	◌t ◌̪ ◌ˢ ◌ʲ
t̪ˤ	t̪ˤ	2	◌t ◌̪ ◌ˤ
t̪ˤʰ	t̪ʰˤ	1	◌t ◌̪ ◌ˤ ◌ʰ
t̪̺	t̪̺	1	◌t ◌̪ ◌̺
t̪̻	t̪̻	1	◌t ◌̪ ◌̻
t̺	t̺	15	◌t ◌̺
t̺	t̺̪	7	◌t ◌̺
t̺ʰ	t̺ʰ	15	◌t ◌̺ ◌ʰ
t̺ʼ	t̺ʼ	13	◌t ◌̺ ◌ʼ
t̻	t̻	11	◌t ◌̻
t̻ʰ	t̻ʰ	3	◌t ◌̻ ◌ʰ
tθ̠	t͇s͇	1	◌t ◌θ ◌̠
tθ̠	ⁿt͇s͇ʰ	1	◌t ◌θ ◌̠
tθ̠ʰ	t͇s͇ʰ	1	◌t ◌θ ◌̠ ◌ʰ
u	u	365	◌u
ua	ua	30	◌u ◌a
uã	uã	1	◌u ◌a ◌̃
uä	uä	1	◌u ◌a ◌̈
ua̟	ua̟	1	◌u ◌a ◌̟
ue	ue	6	◌u ◌e
uẽ	uẽ	1	◌u ◌e ◌̃
ue̞	ue̞	1	◌u ◌e ◌̞
ui	ui	31	◌u ◌i
ui̯	ui̯	2	◌u ◌i ◌̯
ui̯	uj	5	◌u ◌i ◌̯
uo	uo	5	◌u ◌o
uoː	uoː	1	◌u ◌o ◌ː
uo̞	uo̞	1	◌u ◌o ◌̞
uæ	uæ	2	◌u ◌æ
uœ	uœ	1	◌u ◌œ
uɐ	uɐ	1	◌u ◌ɐ
uɑ	uɑ	7	◌u ◌ɑ
uɑ˞	uɑ˞	1	◌u ◌ɑ ◌˞
uɑ̃	uɑ̃	3	◌u ◌ɑ ◌̃
uɔ	uɔ	9	◌u ◌ɔ
uɔː	uɔː	1	◌u ◌ɔ ◌ː
uə	uə	13	◌u ◌ə
uə̯	uə̯	1	◌u ◌ə ◌̯
uɛ	uɛ	4	◌u ◌ɛ
uɛ̃	uɛ̃	1	◌u ◌ɛ ◌̃
uɜ	uɜ	1	◌u ◌ɜ
uʌ	uʌ	1	◌u ◌ʌ
uː	(uː)	2	◌u ◌ː
uː	uː	177	◌u ◌ː
uːe	uːe	1	◌u ◌ː ◌e
uːi	uːi	1	◌u ◌ː ◌i
uːə	uːə	1	◌u ◌ː ◌ə
uːʌ	uːʌ	1	◌u ◌ː ◌ʌ
uːː	uːː	1	◌u ◌ː ◌ː
u˞	u˞	3	◌u ◌˞
u˞ˤ	u˞ˤ	1	◌u ◌˞ ◌ˤ
u˞ˤː	u˞ˤː	1	◌u ◌˞ ◌ˤ ◌ː
uˤ	uˤ	2	◌u ◌ˤ
uˤː	uˤː	2	◌u ◌ˤ ◌ː
ũ	ũ	61	◌u ◌̃
ũã	ũã	1	◌u ◌̃ ◌a ◌̃
ũi	ũi	1	◌u ◌̃ ◌i
ũĩ	ũĩ	1	◌u ◌̃ ◌i ◌̃
ũo	ũo	1	◌u ◌̃ ◌o
ũoː	ũoː	1	◌u ◌̃ ◌o ◌ː
ũɔ̃ː	ũɔ̃ː	1	◌u ◌̃ ◌ɔ ◌̃ ◌ː
ũː	uː̃	1	◌u ◌̃ ◌ː
ũː	ũː	25	◌u ◌̃ ◌ː
ŭ	ŭ	1	◌u ◌̆
u̙	u̙	1	◌u ◌̙
u̜	u̜	1	◌u ◌̜
u̞	u̞	3	◌u ◌̞
u̞ː	u̞ː	2	◌u ◌̞ ◌ː
u̞ˑ	u̞ˑ	1	◌u ◌̞ ◌ˑ
u̟	u̟	1	◌u ◌̟
u̠u	u̠u	1	◌u ◌̠ ◌u
ṳ	ṳ	9	◌u ◌̤
ṳa	ṳa	1	◌u ◌̤ ◌a
ṳɐ	ṳɐ	1	◌u ◌̤ ◌ɐ
ṳː	ṳː	1	◌u ◌̤ ◌ː
ṳ̃ː	ṳ̃ː	1	◌u ◌̤ ◌̃ ◌ː
u̯	u̯	20	◌u ◌̯
u̯a	u̯a	1	◌u ◌̯ ◌a
u̯a	wa	5	◌u ◌̯ ◌a
u̯aː	waː	1	◌u ◌̯ ◌a ◌ː
u̯ã	wã	1	◌u ◌̯ ◌a ◌̃
u̯e	we	3	◌u ◌̯ ◌e
u̯i	wi	3	◌u ◌̯ ◌i
u̯o	u̯o	1	◌u ◌̯ ◌o
u̯o	wo	6	◌u ◌̯ ◌o
u̯oː	woː	4	◌u ◌̯ ◌o ◌ː
u̯õ	u̯õ	1	◌u ◌̯ ◌o ◌̃
u̯õ	wõ	5	◌u ◌̯ ◌o ◌̃
u̯õː	wõː	4	◌u ◌̯ ◌o ◌̃ ◌ː
u̯ɑ	u̯ɑ	1	◌u ◌̯ ◌ɑ
u̯ɔ	u̯ɔ	1	◌u ◌̯ ◌ɔ
u̯ɔ	wɔ	1	◌u ◌̯ ◌ɔ
u̯ɔː	wɔː	1	◌u ◌̯ ◌ɔ ◌ː
u̯ɔ̃	wɔ̃	1	◌u ◌̯ ◌ɔ ◌̃
u̯ə	wə	1	◌u ◌̯ ◌ə
u̯ə̃	wə̃	1	◌u ◌̯ ◌ə ◌̃
u̯ɛ	wɛ	3	◌u ◌̯ ◌ɛ
u̯ɛ̃	wɛ̃	1	◌u ◌̯ ◌ɛ ◌̃
u̯ː	uu̯	1	◌u ◌̯ ◌ː
ũ̯	ũ̯	2	◌u ◌̯ ◌̃
ṵ	ṵ	3	◌u ◌̰
ṵː	ṵː	1	◌u ◌̰ ◌ː
v	v	167	◌v
vʲ	vʲ	15	◌v ◌ʲ
vː	vː	2	◌v ◌ː
vˠ	vˠ	1	◌v ◌ˠ
vˤ	vˤ	1	◌v ◌ˤ
v̥	v̥	1	◌v ◌̥
v̩	v̩	1	◌v ◌̩
w	w	276	◌w
wʰ	wʰ	1	◌w ◌ʰ
wʲ	wʲ	3	◌w ◌ʲ
wˀ	wˀ	1	◌w ◌ˀ
w̥	w̥	1	◌w ◌̥
w̩	w̜	1	◌w ◌̩
w̩ʲ	w̜ʲ	1	◌w ◌̩ ◌ʲ
x	x	185	◌x
xʰ	xʰ	7	◌x ◌ʰ
xʲ	xʲ	11	◌x ◌ʲ
xʲː	xʲː	1	◌x ◌ʲ ◌ː
xʷ	xʷ	9	◌x ◌ʷ
xʷː	xːʷ	2	◌x ◌ʷ ◌ː
xː	xː	6	◌x ◌ː
x̠	x̠	2	◌x ◌̠
y	y	80	◌y
ya	ya	2	◌y ◌a
ye	ye	3	◌y ◌e
yi	yi	2	◌y ◌i
yĩ	yĩ	1	◌y ◌i ◌̃
yi̯	yi̯	2	◌y ◌i ◌̯
yo	yo	2	◌y ◌o
yu	yu	1	◌y ◌u
yu̯	yu̯	1	◌y ◌u ◌̯
yæ	yæ	2	◌y ◌æ
yø	yø	3	◌y ◌ø
yø̞	yø̞	1	◌y ◌ø ◌̞
yœ	yœ	2	◌y ◌œ
yœː	yœː	1	◌y ◌œ ◌ː
yɑ	yɑ	1	◌y ◌ɑ
yə	yə	2	◌y ◌ə
yə̯	yə̯	1	◌y ◌ə ◌̯
yɛ	yɛ	1	◌y ◌ɛ
yɜ	yɜ	1	◌y ◌ɜ
yː	(yː)	2	◌y ◌ː
yː	yː	41	◌y ◌ː
yːː	yːː	1	◌y ◌ː ◌ː
yˑ	yˑ	1	◌y ◌ˑ
ỹ	ỹ	8	◌y ◌̃
ỹœ	ỹœ	1	◌y ◌̃ ◌œ
ỹœː	ỹœː	1	◌y ◌̃ ◌œ ◌ː
ỹː	ỹː	6	◌y ◌̃ ◌ː
y̞	y̞	6	◌y ◌̞
y̠	y̠	1	◌y ◌̠
y̤	y̤	3	◌y ◌̤
y̯ø	y̯ø	1	◌y ◌̯ ◌ø
y̰	y̰	1	◌y ◌̰
y̰ː	y̰ː	1	◌y ◌̰ ◌ː
z	(z)	1	◌z
z	z	214	◌z
zʰ	zʰ	1	◌z ◌ʰ
zʲ	zʲ	23	◌z ◌ʲ
zʲː	zʲː	1	◌z ◌ʲ ◌ː
zʷ	zʷ	2	◌z ◌ʷ
zː	zː	1	◌z ◌ː
zˤ	zˤ	6	◌z ◌ˤ
z̠	z̠	1	◌z ◌̠
z̥	z̥	3	◌z ◌̥
z̩	z̩	1	◌z ◌̩
z̪	z̪	30	◌z ◌̪
z̪ʲ	z̪ʲ	2	◌z ◌̪ ◌ʲ
z̪ʷ	z̪ʷ	1	◌z ◌̪ ◌ʷ
z̪ˤ	z̪ˤ	1	◌z ◌̪ ◌ˤ
z̪̻	z̪̻	1	◌z ◌̪ ◌̻
z̪̻	z̻	11	◌z ◌̪ ◌̻
z̺	z̺	17	◌z ◌̺
æ	æ	68	◌æ
æe	æe	1	◌æ ◌e
æi	æi	2	◌æ ◌i
æi̯	æi̯	4	◌æ ◌i ◌̯
æo	æo	1	◌æ ◌o
æu	æu	1	◌æ ◌u
æu̯	æu̯	1	◌æ ◌u ◌̯
æɛ	æɛ	1	◌æ ◌ɛ
æɪ̯	æɪ̯	3	◌æ ◌ɪ ◌̯
æː	æː	32	◌æ ◌ː
æːi	æːi	1	◌æ ◌ː ◌i
æːʊ	æːʊ	1	◌æ ◌ː ◌ʊ
æːː	æːː	1	◌æ ◌ː ◌ː
æˑ	æˑ	1	◌æ ◌ˑ
æ̃	æ̃	10	◌æ ◌̃
æ̃i	æ̃i	1	◌æ ◌̃ ◌i
æ̃ɪ̯̃	æ̃ɪ̯̃	2	◌æ ◌̃ ◌ɪ ◌̯ ◌̃
æ̃ː	æ̃ː	1	◌æ ◌̃ ◌ː
æ̰	æ̰	3	◌æ ◌̰
ð	ð	34	◌ð
ðʲ	ðʲ	2	◌ð ◌ʲ
ðʼ	ðʼ	1	◌ð ◌ʼ
ðː	ðː	1	◌ð ◌ː
ðˤ	ðˤ	3	◌ð ◌ˤ
ð̠	z͇	1	◌ð ◌̠
ð̠	ð̺̪	6	◌ð ◌̠
ð̠ˠ	ð͇ˠ	1	◌ð ◌̠ ◌ˠ
ø	ø	32	◌ø
øe	øe	1	◌ø ◌e
øi	øi	1	◌ø ◌i
øu	øu	2	◌ø ◌u
øy	øy	2	◌ø ◌y
øy̯	øy̯	1	◌ø ◌y ◌̯
øɑ	øɑ	1	◌ø ◌ɑ
øə	øə	1	◌ø ◌ə
øɪ	øɪ	1	◌ø ◌ɪ
øɪ̯	øɪ̯	1	◌ø ◌ɪ ◌̯
øː	øː	26	◌ø ◌ː
øːy̯	øːy̯	1	◌ø ◌ː ◌y ◌̯
øːː	øːː	1	◌ø ◌ː ◌ː
øˑ	øˑ	1	◌ø ◌ˑ
ø̃	ø̃	2	◌ø ◌̃
ø̃ː	ø̃ː	4	◌ø ◌̃ ◌ː
ø̈	ø̈	1	◌ø ◌̈
ø̞	ø̞	11	◌ø ◌̞
ø̞ː	ø̞ː	1	◌ø ◌̞ ◌ː
ø̞̜	ø̞̜	1	◌ø ◌̞ ◌̜
ø̞̜ː	ø̞̜ː	1	◌ø ◌̞ ◌̜ ◌ː
ø̞̠	ø̠̞	1	◌ø ◌̞ ◌̠
ø̤	ø̤	3	◌ø ◌̤
ø̰	ø̰	1	◌ø ◌̰
ħ	ħ	29	◌ħ
ħʷ	ħʷ	2	◌ħ ◌ʷ
ħ̃ʲ	ħ̃ʲ	1	◌ħ ◌̃ ◌ʲ
ŋ	ŋ	259	◌ŋ
ŋʰ	ŋʰ	1	◌ŋ ◌ʰ
ŋʱ	ŋʱ	1	◌ŋ ◌ʱ
ŋʲ	ŋʲ	3	◌ŋ ◌ʲ
ŋʲː	ŋʲː	1	◌ŋ ◌ʲ ◌ː
ŋʷ	ŋʷ	2	◌ŋ ◌ʷ
ŋː	ŋː	2	◌ŋ ◌ː
ŋ̊	ŋ̊	22	◌ŋ ◌̊
ŋ̊	ŋ̥	2	◌ŋ ◌̊
ŋ̍	ŋ̩	3	◌ŋ ◌̍
ŋ̟	ŋ̟	1	◌ŋ ◌̟
œ	(œ)	1	◌œ
œ	œ	33	◌œ
œi	œi	1	◌œ ◌i
œi̯	œj	1	◌œ ◌i ◌̯
œy	œy	1	◌œ ◌y
œː	(œː)	1	◌œ ◌ː
œː	œː	16	◌œ ◌ː
œ̃	œ̃	3	◌œ ◌̃
œ̃ɛ̃	œ̃ɛ̃	1	◌œ ◌̃ ◌ɛ ◌̃
œ̃ː	œ̃ː	4	◌œ ◌̃ ◌ː
œ̜	œ̜	1	◌œ ◌̜
œ̜ː	œ̜ː	1	◌œ ◌̜ ◌ː
œ̞	œ̞	1	◌œ ◌̞
œ̞ɛ̞	œ̞ɛ̞	1	◌œ ◌̞ ◌ɛ ◌̞
œ̞ː	œ̞ː	1	◌œ ◌̞ ◌ː
œ̠	œ̠	1	◌œ ◌̠
œ̰ː	œ̰ː	1	◌œ ◌̰ ◌ː
ȴ	ʎ̟	12	◌ȴ
ɐ	ɐ	26	◌ɐ
ɐi	ɐi	4	◌ɐ ◌i
ɐi̯	ɐi̯	1	◌ɐ ◌i ◌̯
ɐu	ɐu	3	◌ɐ ◌u
ɐɪ	ɐɪ	1	◌ɐ ◌ɪ
ɐʊ	ɐʊ	1	◌ɐ ◌ʊ
ɐː	ɐː	2	◌ɐ ◌ː
ɐ̃	ɐ̃	3	◌ɐ ◌̃
ɐ̃i	ɐ̃i	1	◌ɐ ◌̃ ◌i
ɐ̃u	ɐ̃u	1	◌ɐ ◌̃ ◌u
ɐ̆	ɐ̆	10	◌ɐ ◌̆
ɐ̟	ɐ̟	1	◌ɐ ◌̟
ɑ	ɑ	81	◌ɑ
ɑe	ɑe	1	◌ɑ ◌e
ɑi	ɑi	3	◌ɑ ◌i
ɑi̯	ɑi̯	1	◌ɑ ◌i ◌̯
ɑi̯	ɑj	1	◌ɑ ◌i ◌̯
ɑo	ɑo	1	◌ɑ ◌o
ɑu	ɑu	4	◌ɑ ◌u
ɑu̯	ɑw	2	◌ɑ ◌u ◌̯
ɑɒ	ɑɒ	1	◌ɑ ◌ɒ
ɑʊ	ɑʊ	1	◌ɑ ◌ʊ
ɑʊ̯	ɑʊ̯	1	◌ɑ ◌ʊ ◌̯
ɑː	ɑː	56	◌ɑ ◌ː
ɑːi	ɑːi	1	◌ɑ ◌ː ◌i
ɑːi̯	ɑːi̯	1	◌ɑ ◌ː ◌i ◌̯
ɑˑ	ɑˑ	1	◌ɑ ◌ˑ
ɑ˞	ɑ˞	1	◌ɑ ◌˞
ɑ̃	ɑ̃	18	◌ɑ ◌̃
ɑ̃ː	ɑ̃ː	4	◌ɑ ◌̃ ◌ː
ɑ̆	ɑ̆	1	◌ɑ ◌̆
ɑ̙	ɑ̙	1	◌ɑ ◌̙
ɑ̝	ɑ̝	1	◌ɑ ◌̝
ɑ̝ː	ɑ̝ː	1	◌ɑ ◌̝ ◌ː
ɑ̝̟	ɑ̝̟	1	◌ɑ ◌̝ ◌̟
ɑ̝̹	ɑ̝̹	6	◌ɑ ◌̝ ◌̹
ɑ̞	ɑ̞	1	◌ɑ ◌̞
ɑ̟	ɑ̟	1	◌ɑ ◌̟
ɑ̤	ɑ̤	2	◌ɑ ◌̤
ɑ̤ː	ɑ̤ː	1	◌ɑ ◌̤ ◌ː
ɑ̰ː	ɑ̰ː	1	◌ɑ ◌̰ ◌ː
ɒ	ɒ	14	◌ɒ
ɒː	ɒː	7	◌ɒ ◌ː
ɒːi̯	ɒːi̯	1	◌ɒ ◌ː ◌i ◌̯
ɒ̃	ɒ̃	1	◌ɒ ◌̃
ɒ̃ː	ɒ̃ː	2	◌ɒ ◌̃ ◌ː
ɓ	ɓ	5	◌ɓ
ɔ	ɔ	167	◌ɔ
ɔa	ɔa	1	◌ɔ ◌a
ɔaː	ɔaː	1	◌ɔ ◌a ◌ː
ɔe	ɔe	3	◌ɔ ◌e
ɔi	 ɔi	1	◌ɔ ◌i
ɔi	ɔi	7	◌ɔ ◌i
ɔi̯	ɔi̯	4	◌ɔ ◌i ◌̯
ɔo	ɔo	1	◌ɔ ◌o
ɔu	ɔu	4	◌ɔ ◌u
ɔu̯	ɔu̯	1	◌ɔ ◌u ◌̯
ɔu̯	ɔw	1	◌ɔ ◌u ◌̯
ɔy̯ː	ɔy̯ː	1	◌ɔ ◌y ◌̯ ◌ː
ɔɪ	ɔɪ	4	◌ɔ ◌ɪ
ɔʊ	ɔʊ	2	◌ɔ ◌ʊ
ɔʊ̯	ɔʊ̯	4	◌ɔ ◌ʊ ◌̯
ɔʏ	ɔʏ	1	◌ɔ ◌ʏ
ɔː	(ɔː)	2	◌ɔ ◌ː
ɔː	ɔː	56	◌ɔ ◌ː
ɔːi	ɔːi	1	◌ɔ ◌ː ◌i
ɔ˞	ɔ˞	1	◌ɔ ◌˞
ɔˤː	ɔˤː	1	◌ɔ ◌ˤ ◌ː
ɔ̃	(ɔ̃)	1	◌ɔ ◌̃
ɔ̃	ɔ̃	26	◌ɔ ◌̃
ɔ̃ʊ̯̃	ɔ̃ʊ̯̃	2	◌ɔ ◌̃ ◌ʊ ◌̯ ◌̃
ɔ̃ː	ɔː̃	1	◌ɔ ◌̃ ◌ː
ɔ̃ː	ɔ̃ː	7	◌ɔ ◌̃ ◌ː
ɔ̜	ɔ̜	1	◌ɔ ◌̜
ɔ̜ː	ɔ̜ː	2	◌ɔ ◌̜ ◌ː
ɔ̜̃ː	ɔ̜̃ː	1	◌ɔ ◌̜ ◌̃ ◌ː
ɔ̜̟	ɔ̟̜	2	◌ɔ ◌̜ ◌̟
ɔ̜̰̟	ɔ̟̜̰	1	◌ɔ ◌̜ ◌̰ ◌̟
ɔ̝	ɔ̝	2	◌ɔ ◌̝
ɔ̝ː	ɔ̝ː	1	◌ɔ ◌̝ ◌ː
ɔ̞	ɔ̞	3	◌ɔ ◌̞
ɔ̞ː	ɔ̞ː	1	◌ɔ ◌̞ ◌ː
ɔ̞̃	ɔ̞̃	1	◌ɔ ◌̞ ◌̃
ɔ̞̃ː	ɔ̞̃ː	1	◌ɔ ◌̞ ◌̃ ◌ː
ɔ̤	ɔ̤	6	◌ɔ ◌̤
ɔ̤ː	ɔ̤ː	2	◌ɔ ◌̤ ◌ː
ɔ̤̃ː	ɔ̤̃ː	1	◌ɔ ◌̤ ◌̃ ◌ː
ɔ̰	ɔ̰	1	◌ɔ ◌̰
ɔ̰ː	ɔ̰ː	1	◌ɔ ◌̰ ◌ː
ɕ	(ɕ)	1	◌ɕ
ɕ	ɕ	88	◌ɕ
ɕʰ	ɕʰ	9	◌ɕ ◌ʰ
ɕʼ	ɕʼ	1	◌ɕ ◌ʼ
ɕʼ	ɕ’	1	◌ɕ ◌ʼ
ɕː	ɕː	6	◌ɕ ◌ː
ɖ	ɖ	104	◌ɖ
ɖʐ	dʐ	1	◌ɖ ◌ʐ
ɖʐ	ɖʐ	39	◌ɖ ◌ʐ
ɖʐ̥	ɖ̥ʐ̥	1	◌ɖ ◌ʐ ◌̥
ɖʐ̻	ɖ̻ʐ̻	1	◌ɖ ◌ʐ ◌̻
ɖʰ	ɖʰ	19	◌ɖ ◌ʰ
ɖʱ	ɖʱ	3	◌ɖ ◌ʱ
ɖʱ	ɖ̤ʱ	3	◌ɖ ◌ʱ
ɖʲ	ɖʲ	1	◌ɖ ◌ʲ
ɖʳ	ɖɽ	1	◌ɖ ◌ʳ
ɖː	ɖː	1	◌ɖ ◌ː
ɗ	ɗ	4	◌ɗ
ɘ	ɘ	5	◌ɘ
ɘi	ɘi	1	◌ɘ ◌i
ɘy	ɘy	1	◌ɘ ◌y
ɘː	ɘː	3	◌ɘ ◌ː
ɘ˞	ɘ˞	1	◌ɘ ◌˞
ɘ̃	ɘ̃	2	◌ɘ ◌̃
ɘ̆	ɘ̆	1	◌ɘ ◌̆
ɘ̟	ɘ̟	1	◌ɘ ◌̟
ɘ̠	ɘ̠	2	◌ɘ ◌̠
ə	(ə)	1	◌ə
ə	ə	128	◌ə
əi	əi	12	◌ə ◌i
əĩ	əĩ	1	◌ə ◌i ◌̃
əi̯	əi̯	1	◌ə ◌i ◌̯
əi̯	əj	1	◌ə ◌i ◌̯
əo	əo	1	◌ə ◌o
əu	əu	13	◌ə ◌u
əũ	əũ	1	◌ə ◌u ◌̃
əu̯	əu̯	1	◌ə ◌u ◌̯
əu̯	əw	3	◌ə ◌u ◌̯
əy	əy	1	◌ə ◌y
əɒ	əɒ	1	◌ə ◌ɒ
əɨ	əɨ	1	◌ə ◌ɨ
əɯ	əɯ	1	◌ə ◌ɯ
əɯ̃	əɯ̃	1	◌ə ◌ɯ ◌̃
əʊ	əʊ	2	◌ə ◌ʊ
əː	əː	17	◌ə ◌ː
əːi	əːi	1	◌ə ◌ː ◌i
ə˞	ə˞	7	◌ə ◌˞
ə˞ː	ə˞ː	1	◌ə ◌˞ ◌ː
əˤ	əˤ	1	◌ə ◌ˤ
ə̃	ə̃	15	◌ə ◌̃
ə̃ĩ	ə̃ĩ	1	◌ə ◌̃ ◌i ◌̃
ə̃ũ	ə̃ũ	1	◌ə ◌̃ ◌u ◌̃
ə̃ː	əː̃	1	◌ə ◌̃ ◌ː
ə̆	ə̆	6	◌ə ◌̆
ə̞̆	ə̞̆	1	◌ə ◌̞ ◌̆
ə̤	ə̤	3	◌ə ◌̤
ə̤̃ː	ə̤̃ː	1	◌ə ◌̤ ◌̃ ◌ː
ə̰	ə̰	1	◌ə ◌̰
ə̰ɯ̰	ə̰ɯ̰	1	◌ə ◌̰ ◌ɯ ◌̰
ə̹	ə̹	1	◌ə ◌̹
ɛ	ɛ	189	◌ɛ
ɛa	ɛa	1	◌ɛ ◌a
ɛa̟	ɛa̟	1	◌ɛ ◌a ◌̟
ɛe	ɛe	1	◌ɛ ◌e
ɛi	ɛi	6	◌ɛ ◌i
ɛi̯	ɛi̯	2	◌ɛ ◌i ◌̯
ɛi̯	ɛj	3	◌ɛ ◌i ◌̯
ɛo	ɛo	2	◌ɛ ◌o
ɛu	ɛu	3	◌ɛ ◌u
ɛu̯	ɛu̯	3	◌ɛ ◌u ◌̯
ɛu̯	ɛw	1	◌ɛ ◌u ◌̯
ɛɐ	ɛɐ	1	◌ɛ ◌ɐ
ɛə	ɛə	1	◌ɛ ◌ə
ɛɪ	ɛɪ	3	◌ɛ ◌ɪ
ɛɯ	ɛɰ	1	◌ɛ ◌ɯ
ɛʉ	ɛʉ	1	◌ɛ ◌ʉ
ɛː	(ɛː)	3	◌ɛ ◌ː
ɛː	ɛː	66	◌ɛ ◌ː
ɛˑ	ɛˑ	1	◌ɛ ◌ˑ
ɛ˞	ɛ˞	1	◌ɛ ◌˞
ɛˤ	ɛˤ	1	◌ɛ ◌ˤ
ɛ̃	(ɛ̃)	1	◌ɛ ◌̃
ɛ̃	ɛ̃	26	◌ɛ ◌̃
ɛ̃ũ	ɛ̃ũ	1	◌ɛ ◌̃ ◌u ◌̃
ɛ̃ː	ɛː̃	1	◌ɛ ◌̃ ◌ː
ɛ̃ː	ɛ̃ː	14	◌ɛ ◌̃ ◌ː
ɛ̃ːi̯	ɛ̃ːi̯	1	◌ɛ ◌̃ ◌ː ◌i ◌̯
ɛ̝	ɛ̝	3	◌ɛ ◌̝
ɛ̝ː	ɛ̝ː	1	◌ɛ ◌̝ ◌ː
ɛ̞	ɛ̞	2	◌ɛ ◌̞
ɛ̞ː	ɛ̞ː	1	◌ɛ ◌̞ ◌ː
ɛ̠	ɛ̠	2	◌ɛ ◌̠
ɛ̤	ɛ̤	6	◌ɛ ◌̤
ɛ̤i̤	ɛ̤i̤	1	◌ɛ ◌̤ ◌i ◌̤
ɛ̤ː	ɛ̤ː	1	◌ɛ ◌̤ ◌ː
ɛ̤̃ː	ɛ̤̃ː	1	◌ɛ ◌̤ ◌̃ ◌ː
ɛ̯æː	ɛ̯æː	1	◌ɛ ◌̯ ◌æ ◌ː
ɛ̰	ɛ̰	3	◌ɛ ◌̰
ɛ̰ː	ɛ̰ː	1	◌ɛ ◌̰ ◌ː
ɜ	ɜ	3	◌ɜ
ɜi	ɜi	1	◌ɜ ◌i
ɜi̯	ɜj	1	◌ɜ ◌i ◌̯
ɜː	ɜː	2	◌ɜ ◌ː
ɜ̹	ɜ̹	1	◌ɜ ◌̹
ɜ̹ː	ɜ̹ː	1	◌ɜ ◌̹ ◌ː
ɞ	ɞ	3	◌ɞ
ɞe̯	ɞe̯	1	◌ɞ ◌e ◌̯
ɞʏ̯	ɞʏ̯	1	◌ɞ ◌ʏ ◌̯
ɞː	ɞː	1	◌ɞ ◌ː
ɞ̜	ɞ̜	1	◌ɞ ◌̜
ɞ̜ː	ɞ̜ː	1	◌ɞ ◌̜ ◌ː
ɞ̜̃ː	ɞ̜̃ː	1	◌ɞ ◌̜ ◌̃ ◌ː
ɞ̜̰	ɞ̜̰	1	◌ɞ ◌̜ ◌̰
ɞ̞̆	ɐ̹̆	3	◌ɞ ◌̞ ◌̆
ɞ̠	ɞ̠	1	◌ɞ ◌̠
ɞ̰	ɞ̰	1	◌ɞ ◌̰
ɟ	ɟ	89	◌ɟ
ɟʝ	ɟʝ	5	◌ɟ ◌ʝ
ɟʝ̞	ɟʝ̞	1	◌ɟ ◌ʝ ◌̞
ɟʝ̥	ɟ̥ʝ̥	1	◌ɟ ◌ʝ ◌̥
ɟʰ	ɟʰ	9	◌ɟ ◌ʰ
ɟʱ	ɟʱ	2	◌ɟ ◌ʱ
ɟ̟	ɟ̟	4	◌ɟ ◌̟
ɠ	ɠ	2	◌ɠ
ɢ	ɢ	15	◌ɢ
ɢʁ	ɢʁ	2	◌ɢ ◌ʁ
ɢʷ	ɢʷ	1	◌ɢ ◌ʷ
ɢ̥	ɢ̥	2	◌ɢ ◌̥
ɣ	ɣ	111	◌ɣ
ɣʲ	ɣʲ	4	◌ɣ ◌ʲ
ɣʷ	ɣʷ	1	◌ɣ ◌ʷ
ɣ̊	ɣ̊	1	◌ɣ ◌̊
ɤ	ɤ	33	◌ɤ
ɤa	ɤa	1	◌ɤ ◌a
ɤa̤	ɤa̤	1	◌ɤ ◌a ◌̤
ɤe	ɤe	1	◌ɤ ◌e
ɤi	ɤi	1	◌ɤ ◌i
ɤi̯	ɤj	1	◌ɤ ◌i ◌̯
ɤo	ɤo	1	◌ɤ ◌o
ɤu	ɤu	1	◌ɤ ◌u
ɤɑ	ɤɑ	1	◌ɤ ◌ɑ
ɤː	ɤː	7	◌ɤ ◌ː
ɤˑ	ɤˑ	1	◌ɤ ◌ˑ
ɤ̝	ɤ̝	1	◌ɤ ◌̝
ɤ̞	ɤ̞	2	◌ɤ ◌̞
ɤ̞̆	ɤ̞̆	1	◌ɤ ◌̞ ◌̆
ɤ̟	ɤ̟	2	◌ɤ ◌̟
ɤ̤	ɤ̤	1	◌ɤ ◌̤
ɤ̤ː	ɤ̤ː	1	◌ɤ ◌̤ ◌ː
ɤ̹̟	ɤ̟̹	1	◌ɤ ◌̹ ◌̟
ɥ	jy	1	◌ɥ
ɥ	ɥ	5	◌ɥ
ɥˤ	ɥˤ	2	◌ɥ ◌ˤ
ɥ̥	ɥ̊	1	◌ɥ ◌̥
ɦ	ɦ	26	◌ɦ
ɧ	ɧ	1	◌ɧ
ɨ	ɨ	46	◌ɨ
ɨa	ɨa	2	◌ɨ ◌a
ɨä	ɨä̠	1	◌ɨ ◌a ◌̈
ɨa̠	ɨa̠	1	◌ɨ ◌a ◌̠
ɨi	ɨi	1	◌ɨ ◌i
ɨi̯	ɨi̯	1	◌ɨ ◌i ◌̯
ɨi̯	ɨj	1	◌ɨ ◌i ◌̯
ɨɐ	ɨɐ	1	◌ɨ ◌ɐ
ɨə	ɨə	2	◌ɨ ◌ə
ɨɛ	ɨɛ	2	◌ɨ ◌ɛ
ɨː	ɨː	11	◌ɨ ◌ː
ɨ̃	ɨ̃	1	◌ɨ ◌̃
ɨ̆	ɨ̆	10	◌ɨ ◌̆
ɨ̞	ɨ̞	3	◌ɨ ◌̞
ɨ̞ː	ɨ̞ː	1	◌ɨ ◌̞ ◌ː
ɨ̞̃ː	ɨ̞̃ː	1	◌ɨ ◌̞ ◌̃ ◌ː
ɨ̞̰	ɨ̞̰	1	◌ɨ ◌̞ ◌̰
ɨ̠	ɨ̠	2	◌ɨ ◌̠
ɨ̤	ɨ̤	1	◌ɨ ◌̤
ɨ̤ɐ	ɨ̤ɐ	1	◌ɨ ◌̤ ◌ɐ
ɨ̤ː	ɨ̤ː	1	◌ɨ ◌̤ ◌ː
ɨ̹	ɨ̹	2	◌ɨ ◌̹
ɨ̹ː	ɨ̹ː	1	◌ɨ ◌̹ ◌ː
ɪ	ɪ	70	◌ɪ
ɪu	ɪu	1	◌ɪ ◌u
ɪə	ɪə	3	◌ɪ ◌ə
ɪɛ	ɪɛ	1	◌ɪ ◌ɛ
ɪɛː	ɪɛː	1	◌ɪ ◌ɛ ◌ː
ɪː	ɪː	11	◌ɪ ◌ː
ɪ̃	ɪ̃	14	◌ɪ ◌̃
ɪ̃ə̃	ɪ̃ə̃	1	◌ɪ ◌̃ ◌ə ◌̃
ɪ̃ɛ	ɪ̃ɛ	1	◌ɪ ◌̃ ◌ɛ
ɪ̃ɛː	ɪ̃ɛː	1	◌ɪ ◌̃ ◌ɛ ◌ː
ɪ̃ː	ɪ̃ː	4	◌ɪ ◌̃ ◌ː
ɪ̆	ɪ̆	3	◌ɪ ◌̆
ɪ̈	ɪ̈	7	◌ɪ ◌̈
ɪ̞	ɪ̞	2	◌ɪ ◌̞
ɪ̞̈	ɪ̞̈	1	◌ɪ ◌̞ ◌̈
ɪ̯	ɪ̯	4	◌ɪ ◌̯
ɪ̯a	ɪ̯a	1	◌ɪ ◌̯ ◌a
ɪ̯ä	ɪ̯ä	1	◌ɪ ◌̯ ◌a ◌̈
ɪ̯u̞	ɪ̯u̞	1	◌ɪ ◌̯ ◌u ◌̞
ɪ̯ɔ	ɪ̯ɔ	1	◌ɪ ◌̯ ◌ɔ
ɪ̰	ɪ̰	2	◌ɪ ◌̰
ɬ	ɬ	39	◌ɬ
ɬʲ	ɬʲ	4	◌ɬ ◌ʲ
ɬʷ	ɬʷ	1	◌ɬ ◌ʷ
ɬʼ	ɬʼ	4	◌ɬ ◌ʼ
ɬʼ	ɬ’	1	◌ɬ ◌ʼ
ɬː	ɬː	4	◌ɬ ◌ː
ɬˠ	ɬˠ	2	◌ɬ ◌ˠ
ɬ̪	ɬ̪	3	◌ɬ ◌̪
ɬ̪̺	ɬ̺̪	1	◌ɬ ◌̪ ◌̺
ɭ	ɭ	16	◌ɭ
ɭ̊	ɭ̥	1	◌ɭ ◌̊
ɮ	ɮ	4	◌ɮ
ɮʲ	ɮʲ	1	◌ɮ ◌ʲ
ɮʼ	ɮʼ	1	◌ɮ ◌ʼ
ɮ̺	ɮ̺	1	◌ɮ ◌̺
ɯ	ɯ	57	◌ɯ
ɯa	ɯa	10	◌ɯ ◌a
ɯi	ɯi	1	◌ɯ ◌i
ɯi̯	(ɯi̯)	1	◌ɯ ◌i ◌̯
ɯo	ɯo	1	◌ɯ ◌o
ɯɑ	ɯɑ	6	◌ɯ ◌ɑ
ɯə	ɯə	1	◌ɯ ◌ə
ɯɪ̯	ɯɪ̯	1	◌ɯ ◌ɪ ◌̯
ɯː	ɯː	16	◌ɯ ◌ː
ɯːi	ɯːi	1	◌ɯ ◌ː ◌i
ɯˑ	ɯˑ	1	◌ɯ ◌ˑ
ɯ̃	ɯ̃	5	◌ɯ ◌̃
ɯ̃ː	ɯ̃ː	1	◌ɯ ◌̃ ◌ː
ɯ̙	ɯ̙	2	◌ɯ ◌̙
ɯ̙i̯	ɯ̙i̯	1	◌ɯ ◌̙ ◌i ◌̯
ɯ̝	ɯ̝	1	◌ɯ ◌̝
ɯ̞	ɯ̞	1	◌ɯ ◌̞
ɯ̟	ɯ̟	1	◌ɯ ◌̟
ɯ̤	ɯ̤	2	◌ɯ ◌̤
ɯ̤a	ɯ̤a	1	◌ɯ ◌̤ ◌a
ɯ̤ː	ɯ̤ː	1	◌ɯ ◌̤ ◌ː
ɯ̯ɤ̞	(ɯ̯ɤ̞)	1	◌ɯ ◌̯ ◌ɤ ◌̞
ɯ̰	ɯ̰	2	◌ɯ ◌̰
ɯ̽	ɯ̽	10	◌ɯ ◌̽
ɯ̽ː	ɯ̽ː	2	◌ɯ ◌̽ ◌ː
ɰ	ɰ	8	◌ɰ
ɲ	ɲ	168	◌ɲ
ɲː	ɲː	2	◌ɲ ◌ː
ɲ̊	ɲ̊	16	◌ɲ ◌̊
ɲ̊	ɲ̥	1	◌ɲ ◌̊
ɲ̟	ɲ̟	14	◌ɲ ◌̟
ɳ	ɳ	36	◌ɳ
ɳʱ	ɳʱ	2	◌ɳ ◌ʱ
ɳʲ	ɳʲ	1	◌ɳ ◌ʲ
ɳ̊	ɳ̥	1	◌ɳ ◌̊
ɴ	ɴ	2	◌ɴ
ɵ	ɵ	19	◌ɵ
ɵy	ɵy	1	◌ɵ ◌y
ɵə	ɵə	1	◌ɵ ◌ə
ɵː	ɵː	11	◌ɵ ◌ː
ɵ̃	ɵ̃	4	◌ɵ ◌̃
ɵ̆	ɵ̆	1	◌ɵ ◌̆
ɵ̞	ɵ̞	2	◌ɵ ◌̞
ɵ̞ː	ɵ̞ː	1	◌ɵ ◌̞ ◌ː
ɵ̞̰	ɵ̞̰	1	◌ɵ ◌̞ ◌̰
ɵ̟	ɵ̟	1	◌ɵ ◌̟
ɶ	ɶ	1	◌ɶ
ɶː	ɶː	1	◌ɶ ◌ː
ɸ	ɸ	9	◌ɸ
ɹ	ɹ	8	◌ɹ
ɹ̥	ɹ̥	4	◌ɹ ◌̥
ɹ̪	ð̞	2	◌ɹ ◌̪
ɹ̪̺	ð̺̞	1	◌ɹ ◌̪ ◌̺
ɹ̺	ɹ̺	1	◌ɹ ◌̺
ɺ	ɺ	2	◌ɺ
ɻ	ɻ	5	◌ɻ
ɻʲ	ɻʲ	1	◌ɻ ◌ʲ
ɻˤ	ɻˤ	1	◌ɻ ◌ˤ
ɻ̥	ɻ̊	2	◌ɻ ◌̥
ɽ	ɽ	50	◌ɽ
ɽʰ	ɽʰ	3	◌ɽ ◌ʰ
ɽʱ	ɽʱ	3	◌ɽ ◌ʱ
ɽʱ	ɽ̤ʱ	2	◌ɽ ◌ʱ
ɽ̃	ɽ̃	6	◌ɽ ◌̃
ɽ̥	ɽ̊	1	◌ɽ ◌̥
ɾ	ɾ	81	◌ɾ
ɾʲ	ɾʲ	7	◌ɾ ◌ʲ
ɾˠ	ɾˠ	2	◌ɾ ◌ˠ
ɾ̞	ɾ̞	1	◌ɾ ◌̞
ɾ̠	ɾ̠	1	◌ɾ ◌̠
ɾ̥	ɾ̥	6	◌ɾ ◌̥
ɾ̥ʲ	ɾ̥ʲ	2	◌ɾ ◌̥ ◌ʲ
ɾ̪	ɾ̪	3	◌ɾ ◌̪
ɾ̪ʲ	ɾ̪ʲ	1	◌ɾ ◌̪ ◌ʲ
ɾ̪ˠ	ɾ̪ˠ	1	◌ɾ ◌̪ ◌ˠ
ɾ̺	ɾ̺	8	◌ɾ ◌̺
ɾ̻	ɾ̻	1	◌ɾ ◌̻
ɿ	ɿ	7	◌ɿ
ɿˠ	ɿˠ	1	◌ɿ ◌ˠ
ɿ̰	ɿ̰	1	◌ɿ ◌̰
ɿ̹	ɿ̹	2	◌ɿ ◌̹
ʀ	ʀ	5	◌ʀ
ʁ	ʁ	94	◌ʁ
ʁʲ	ʁʲ	2	◌ʁ ◌ʲ
ʁʷ	ʁʷ	21	◌ʁ ◌ʷ
ʁː	ʁː	1	◌ʁ ◌ː
ʁˤ	ʁˤ	1	◌ʁ ◌ˤ
ʁ̞	ʁ̞	1	◌ʁ ◌̞
ʂ	ʂ	93	◌ʂ
ʂʰ	ʂʰ	6	◌ʂ ◌ʰ
ʂʲ	ʂʲ	1	◌ʂ ◌ʲ
ʂʷ	ʂʷ	1	◌ʂ ◌ʷ
ʂː	ʂː	1	◌ʂ ◌ː
ʂ̻	ʂ̻	1	◌ʂ ◌̻
ʃ	(ʃ)	1	◌ʃ
ʃ	ŝ	4	◌ʃ
ʃ	ʃ	224	◌ʃ
ʃʰ	ʃʰ	2	◌ʃ ◌ʰ
ʃʲ	ʃʲ	7	◌ʃ ◌ʲ
ʃʲː	ʃːʲ	1	◌ʃ ◌ʲ ◌ː
ʃʷ	ŝʷ	2	◌ʃ ◌ʷ
ʃʷ	ʃʷ	5	◌ʃ ◌ʷ
ʃʷː	ʃːʷ	1	◌ʃ ◌ʷ ◌ː
ʃʼ	ŝʼ	3	◌ʃ ◌ʼ
ʃʼ	ʃʼ	1	◌ʃ ◌ʼ
ʃʼʷ	ŝʼʷ	1	◌ʃ ◌ʼ ◌ʷ
ʃʼː	ʃːʼ	1	◌ʃ ◌ʼ ◌ː
ʃː	ʃː	8	◌ʃ ◌ː
ʃ̞	ʃ̞	1	◌ʃ ◌̞
ʃ̞ʼ	ʃ̞ʼ	1	◌ʃ ◌̞ ◌ʼ
ʃ̺	ʃ̺	3	◌ʃ ◌̺
ʄ	ʄ	2	◌ʄ
ʅ	ʅ	2	◌ʅ
ʅ̹	ʅ̹	1	◌ʅ ◌̹
ʈ	ʈ	102	◌ʈ
ʈʂ	tʂ	5	◌ʈ ◌ʂ
ʈʂ	ʈʂ	59	◌ʈ ◌ʂ
ʈʂʰ	tʂʰ	4	◌ʈ ◌ʂ ◌ʰ
ʈʂʰ	ʈʂʰ	43	◌ʈ ◌ʂ ◌ʰ
ʈʂʷ	ʈʂʷ	1	◌ʈ ◌ʂ ◌ʷ
ʈʂʼ	ʈʂʼ	2	◌ʈ ◌ʂ ◌ʼ
ʈʂ̻	ʈ̻ʂ̻	1	◌ʈ ◌ʂ ◌̻
ʈʰ	ʈʰ	77	◌ʈ ◌ʰ
ʈʲ	ʈʲ	1	◌ʈ ◌ʲ
ʈʳ	ʈɽ	1	◌ʈ ◌ʳ
ʈʳʰ	ʈɽʰ	1	◌ʈ ◌ʳ ◌ʰ
ʉ	ʉ	18	◌ʉ
ʉi̯	ʉi̯	1	◌ʉ ◌i ◌̯
ʉu	ʉu	1	◌ʉ ◌u
ʉœ̠	ʉœ̠	1	◌ʉ ◌œ ◌̠
ʉɞ̠	ʉɞ̠	1	◌ʉ ◌ɞ ◌̠
ʉː	ʉː	10	◌ʉ ◌ː
ʉ̃	ʉ̃	4	◌ʉ ◌̃
ʉ̃ː	ʉ̃ː	2	◌ʉ ◌̃ ◌ː
ʉ̞	ʉ̞	1	◌ʉ ◌̞
ʉ̟	ʉ̟	1	◌ʉ ◌̟
ʉ̰	ʉ̰	1	◌ʉ ◌̰
ʊ	ʊ	61	◌ʊ
ʊa	ʊa	1	◌ʊ ◌a
ʊi	ʊi	2	◌ʊ ◌i
ʊə	ʊə	1	◌ʊ ◌ə
ʊɪ	ʊɪ	2	◌ʊ ◌ɪ
ʊː	ʊː	9	◌ʊ ◌ː
ʊˤː	ʊˤː	1	◌ʊ ◌ˤ ◌ː
ʊ̃	ʊ̃	12	◌ʊ ◌̃
ʊ̃ː	ʊ̃ː	3	◌ʊ ◌̃ ◌ː
ʊ̆	ʊ̆	2	◌ʊ ◌̆
ʊ̈	ʊ̈	1	◌ʊ ◌̈
ʊ̈i	ʊ̈i	1	◌ʊ ◌̈ ◌i
ʊ̜	ʊ̜	4	◌ʊ ◌̜
ʊ̜̈	ʊ̜̈	1	◌ʊ ◌̜ ◌̈
ʊ̞	ʊ̞	1	◌ʊ ◌̞
ʊ̞̈	ʊ̞̈	1	◌ʊ ◌̞ ◌̈
ʊ̯	ʊ̯	5	◌ʊ ◌̯
ʊ̯ɔ	ʊ̯ɔ	1	◌ʊ ◌̯ ◌ɔ
ʊ̰	ʊ̰	1	◌ʊ ◌̰
ʊ̽	ʊ̽	1	◌ʊ ◌̽
ʋ	ʋ	41	◌ʋ
ʋʲ	ʋʲ	2	◌ʋ ◌ʲ
ʋ̩	ʋ̩	1	◌ʋ ◌̩
ʌ	ʌ	27	◌ʌ
ʌi	ʌi	1	◌ʌ ◌i
ʌi̯	ʌj	1	◌ʌ ◌i ◌̯
ʌu	ʌu	1	◌ʌ ◌u
ʌu̯	ʌw	1	◌ʌ ◌u ◌̯
ʌː	ʌː	2	◌ʌ ◌ː
ʌˤː	ʌˤː	1	◌ʌ ◌ˤ ◌ː
ʌ̃	ʌ̃	6	◌ʌ ◌̃
ʌ̟	ʌ̟	1	◌ʌ ◌̟
ʌ̤	ʌ̤	2	◌ʌ ◌̤
ʌ̤ː	ʌ̤ː	1	◌ʌ ◌̤ ◌ː
ʍ	ʍ	8	◌ʍ
ʎ	ʎ	42	◌ʎ
ʏ	ʏ	12	◌ʏ
ʏi̯	ʏi̯	1	◌ʏ ◌i ◌̯
ʏː	ʏː	5	◌ʏ ◌ː
ʏ̃	ʏ̃	1	◌ʏ ◌̃
ʏ̃ː	ʏ̃ː	1	◌ʏ ◌̃ ◌ː
ʐ	ʐ	58	◌ʐ
ʐʲ	ʐʲ	3	◌ʐ ◌ʲ
ʐʷ	ʐʷ	1	◌ʐ ◌ʷ
ʐ̻	ʐ̻	1	◌ʐ ◌̻
ʑ	 ʑ	1	◌ʑ
ʑ	(ʑ)	1	◌ʑ
ʑ	ʑ	55	◌ʑ
ʑʰ	ʑʰ	1	◌ʑ ◌ʰ
ʒ	(ʒ)	1	◌ʒ
ʒ	ʒ	156	◌ʒ
ʒ	ẑ	4	◌ʒ
ʒʲ	ʒʲ	6	◌ʒ ◌ʲ
ʒʲː	ʒːʲ	1	◌ʒ ◌ʲ ◌ː
ʒʷ	ʒʷ	4	◌ʒ ◌ʷ
ʒʷ	ẑʷ	2	◌ʒ ◌ʷ
ʒˤ	ʒˤ	1	◌ʒ ◌ˤ
ʒ̊	ʒ̊	2	◌ʒ ◌̊
ʒ̍	ʒ̩	1	◌ʒ ◌̍
ʒ̺	ʒ̺	2	◌ʒ ◌̺
ʔ	ʔ̙	1	◌ʔ
ʔ	ʔ	136	◌ʔ
ʔʷ	ʔʷ	3	◌ʔ ◌ʷ
ʔʼ	ʔʼ	1	◌ʔ ◌ʼ
ʔʼʷ	ʔʼʷ	1	◌ʔ ◌ʼ ◌ʷ
ʔː	ʔː	1	◌ʔ ◌ː
ʔˤ	ʔˤ	1	◌ʔ ◌ˤ
ʔ̃	ʔ̃	1	◌ʔ ◌̃
ʕ	ʕ	15	◌ʕ
ʜ	ʜ	11	◌ʜ
ʜʷ	ʜʷ	1	◌ʜ ◌ʷ
ʝ	ʝ	12	◌ʝ
ʝː	ʝː	1	◌ʝ ◌ː
ʝ̞	ʝ̞	1	◌ʝ ◌̞
ʡ	ʡ	4	◌ʡ
ʡʼ	ʡʼ	1	◌ʡ ◌ʼ
ʡˤ	ʡˤ	1	◌ʡ ◌ˤ
ʢ	ʢ	8	◌ʢ
ʢʷ	ʢʷ	1	◌ʢ ◌ʷ
ʰc	ʰc	1	◌ʰ ◌c
ʰk	ʰk	4	◌ʰ ◌k
ʰkʰ	ʰkʰ	1	◌ʰ ◌k ◌ʰ
ʰkʲ	ʰkʲ	1	◌ʰ ◌k ◌ʲ
ʰkː	ʰkː	1	◌ʰ ◌k ◌ː
ʰl̥	ʰl̥	1	◌ʰ ◌l ◌̥
ʰp	ʰp	4	◌ʰ ◌p
ʰpʰ	ʰpʰ	1	◌ʰ ◌p ◌ʰ
ʰpʲ	ʰpʲ	1	◌ʰ ◌p ◌ʲ
ʰpː	ʰpː	1	◌ʰ ◌p ◌ː
ʰqʰ	ʰqʰ	1	◌ʰ ◌q ◌ʰ
ʰsʰ	ʰsʰ	1	◌ʰ ◌s ◌ʰ
ʰt	ʰt	4	◌ʰ ◌t
ʰts	ʰts	3	◌ʰ ◌t ◌s
ʰtsʰ	ʰtsʰ	1	◌ʰ ◌t ◌s ◌ʰ
ʰtsʲ	ʰtsʲ	1	◌ʰ ◌t ◌s ◌ʲ
ʰtsː	ʰtsː	1	◌ʰ ◌t ◌s ◌ː
ʰtɕ	ʰtɕ	1	◌ʰ ◌t ◌ɕ
ʰtɕʰ	ʰtɕʰ	1	◌ʰ ◌t ◌ɕ ◌ʰ
ʰtʃ	ʰtʃ	2	◌ʰ ◌t ◌ʃ
ʰtʃʰ	ʰtʃʰ	1	◌ʰ ◌t ◌ʃ ◌ʰ
ʰtʃː	ʰtʃː	1	◌ʰ ◌t ◌ʃ ◌ː
ʰtʰ	ʰtʰ	1	◌ʰ ◌t ◌ʰ
ʰtʲ	ʰtʲ	1	◌ʰ ◌t ◌ʲ
ʰtː	ʰtː	1	◌ʰ ◌t ◌ː
ʰʈ	ʰʈ	1	◌ʰ ◌ʈ
ʰʈʂʰ	ʰʈʂʰ	1	◌ʰ ◌ʈ ◌ʂ ◌ʰ
ʱb	ʱb	1	◌ʱ ◌b
ʱd	ʱd	1	◌ʱ ◌d
ʱdz	ʱdz	1	◌ʱ ◌d ◌z
ʱdʑ	ʱdʑ	1	◌ʱ ◌d ◌ʑ
ʱg	ʱɡ	1	◌ʱ ◌g
ʱj	ʱj	1	◌ʱ ◌j
ʱl	ʱl	1	◌ʱ ◌l
ʱm	ʱm	1	◌ʱ ◌m
ʱn	ʱn	1	◌ʱ ◌n
ʱz	ʱz	1	◌ʱ ◌z
ʱŋ	ʱŋ	1	◌ʱ ◌ŋ
ʱɖ	ʱɖ	1	◌ʱ ◌ɖ
ʱɟ	ʱɟ	1	◌ʱ ◌ɟ
ʱɲ	ʱɲ	1	◌ʱ ◌ɲ
ʱʐ	ʱʐ	1	◌ʱ ◌ʐ
ʷd	ʷd	1	◌ʷ ◌d
ʷk	ʰʷk	1	◌ʷ ◌k
ʷl	ʷl	1	◌ʷ ◌l
ʷm	ʷm	1	◌ʷ ◌m
ʷr	ʷr	1	◌ʷ ◌r
ʷs	ʰʷs	1	◌ʷ ◌s
ʷsʰ	ʰʷsʰ	1	◌ʷ ◌s ◌ʰ
ʷt	ʰʷt	1	◌ʷ ◌t
ʷts	ʰʷts	1	◌ʷ ◌t ◌s
ʷtɕ	ʰʷtɕ	1	◌ʷ ◌t ◌ɕ
ʷz	ʷz	1	◌ʷ ◌z
ʷɕʰ	ʰʷɕʰ	1	◌ʷ ◌ɕ ◌ʰ
ʷɟ	ʷɟ	1	◌ʷ ◌ɟ
ʷʂʰ	ʰʷʂʰ	1	◌ʷ ◌ʂ ◌ʰ
ʷʈ	ʰʷʈ	1	◌ʷ ◌ʈ
ʷʐ	ʷʐ	1	◌ʷ ◌ʐ
ʷʑ	ʷʑ	1	◌ʷ ◌ʑ
ˀb	ʼb	1	◌ˀ ◌b
ˀd	ʼd	1	◌ˀ ◌d
ˀg	ʼɡ	1	◌ˀ ◌g
ˀj	ˀj	1	◌ˀ ◌j
ˀj	ʼj	2	◌ˀ ◌j
ˀl	ˀl	1	◌ˀ ◌l
ˀl	ʼl	1	◌ˀ ◌l
ˀm	ˀm	1	◌ˀ ◌m
ˀm	ʼm	2	◌ˀ ◌m
ˀn	ˀn	1	◌ˀ ◌n
ˀn	ʼn	2	◌ˀ ◌n
ˀr	ˀr	1	◌ˀ ◌r
ˀs	ʼs	1	◌ˀ ◌s
ˀw	ˀw	1	◌ˀ ◌w
ˀw	ʼw	2	◌ˀ ◌w
ˀŋ	ˀŋ	1	◌ˀ ◌ŋ
ˀŋ	ʼŋ	2	◌ˀ ◌ŋ
ˀɣ	ʼɣ	1	◌ˀ ◌ɣ
ˀɲ	ʼɲ	2	◌ˀ ◌ɲ
ˀʃ	ʼʃ	1	◌ˀ ◌ʃ
β	β	20	◌β
βʲ	βʲ	1	◌β ◌ʲ
βʲː	βʲː	1	◌β ◌ʲ ◌ː
βː	βː	1	◌β ◌ː
β̞	β̞	5	◌β ◌̞
β̩	β̩	1	◌β ◌̩
θ	θ	32	◌θ
θ	θ̪	1	◌θ
θʼ	θʼ	1	◌θ ◌ʼ
θ̠	s͇	1	◌θ ◌̠
θ̻	θ̻	1	◌θ ◌̻
χ	χ	93	◌χ
χʲ	χʲ	4	◌χ ◌ʲ
χʲʷ	χʷʲ	1	◌χ ◌ʲ ◌ʷ
χʷ	χʷ	24	◌χ ◌ʷ
χʷː	χːʷ	2	◌χ ◌ʷ ◌ː
χʷˤ	χˤʷ	1	◌χ ◌ʷ ◌ˤ
χʼː	χːʼ	1	◌χ ◌ʼ ◌ː
χː	χː	3	◌χ ◌ː
χˤ	χˤ	1	◌χ ◌ˤ
ᶑ	ᶑ	1	◌ᶑ
ⁿb	ⁿb	24	◌ⁿ ◌b
ⁿc	ⁿc	1	◌ⁿ ◌c
ⁿcʰ	ⁿcʰ	3	◌ⁿ ◌c ◌ʰ
ⁿd	ⁿd	23	◌ⁿ ◌d
ⁿdz	ⁿdz	20	◌ⁿ ◌d ◌z
ⁿdz̪	ⁿd̪z̪	2	◌ⁿ ◌d ◌z ◌̪
ⁿdð̠	ⁿd͇z͇	1	◌ⁿ ◌d ◌ð ◌̠
ⁿdʑ	ⁿdʑ	14	◌ⁿ ◌d ◌ʑ
ⁿdʒ	ⁿdʒ	10	◌ⁿ ◌d ◌ʒ
ⁿd̪	ⁿd̪	2	◌ⁿ ◌d ◌̪
ⁿg	ⁿg	17	◌ⁿ ◌g
ⁿg	ⁿɡ	5	◌ⁿ ◌g
ⁿk	ⁿk	1	◌ⁿ ◌k
ⁿkʰ	ⁿkʰ	6	◌ⁿ ◌k ◌ʰ
ⁿkʲ	ⁿkʲ	1	◌ⁿ ◌k ◌ʲ
ⁿkʲʰ	ⁿkʲʰ	1	◌ⁿ ◌k ◌ʲ ◌ʰ
ⁿp	ⁿp	1	◌ⁿ ◌p
ⁿpʰ	ⁿpʰ	7	◌ⁿ ◌p ◌ʰ
ⁿpʲʰ	ⁿpʲʰ	1	◌ⁿ ◌p ◌ʲ ◌ʰ
ⁿq	ⁿq	1	◌ⁿ ◌q
ⁿqʰ	ⁿqʰ	1	◌ⁿ ◌q ◌ʰ
ⁿqʷ	ⁿqʷ	1	◌ⁿ ◌q ◌ʷ
ⁿqʷʰ	ⁿqʷʰ	1	◌ⁿ ◌q ◌ʷ ◌ʰ
ⁿsʰ	ⁿsʰ	1	◌ⁿ ◌s ◌ʰ
ⁿt	ⁿt	1	◌ⁿ ◌t
ⁿts	ⁿts	1	◌ⁿ ◌t ◌s
ⁿtsʰ	ⁿtsʰ	7	◌ⁿ ◌t ◌s ◌ʰ
ⁿts̪ʰ	ⁿt̪s̪ʰ	1	◌ⁿ ◌t ◌s ◌̪ ◌ʰ
ⁿtɕ	ⁿtɕ	1	◌ⁿ ◌t ◌ɕ
ⁿtɕʰ	ⁿtɕʰ	3	◌ⁿ ◌t ◌ɕ ◌ʰ
ⁿtʃ	ⁿtʃ	1	◌ⁿ ◌t ◌ʃ
ⁿtʃʰ	ⁿtʃʰ	5	◌ⁿ ◌t ◌ʃ ◌ʰ
ⁿtʰ	ⁿtʰ	7	◌ⁿ ◌t ◌ʰ
ⁿtʲ	ⁿtʲ	1	◌ⁿ ◌t ◌ʲ
ⁿtʲʰ	ⁿtʲʰ	1	◌ⁿ ◌t ◌ʲ ◌ʰ
ⁿxʰ	ⁿxʰ	1	◌ⁿ ◌x ◌ʰ
ⁿɖ	ⁿɖ	8	◌ⁿ ◌ɖ
ⁿɖʐ	ⁿɖʐ	12	◌ⁿ ◌ɖ ◌ʐ
ⁿɖʳ	ⁿɖɽ	1	◌ⁿ ◌ɖ ◌ʳ
ⁿɟ	ⁿɟ	7	◌ⁿ ◌ɟ
ⁿɢ	ⁿɢ	3	◌ⁿ ◌ɢ
ⁿʈʂ	ⁿʈʂ	1	◌ⁿ ◌ʈ ◌ʂ
ⁿʈʂʰ	ⁿʈʂʰ	2	◌ⁿ ◌ʈ ◌ʂ ◌ʰ
ⁿʈʰ	ⁿʈʰ	2	◌ⁿ ◌ʈ ◌ʰ
ⁿʈʳ	ⁿʈɽʰ	1	◌ⁿ ◌ʈ ◌ʳ
nʲː	nʲːː	1	
lʲː	lʲːː	1	
