{
    "title": "CLTS. Cross-Linguistic Transcription Systems",
    "creators": [
        {
            "name": "Johann-Mattis List"
        },
        {
            "name": "Cormac Anderson"
        },
        {
            "name": "Tiago Tresoldi"
        },
        {
            "name": "Robert Forkel"
        }
    ],
    "description": "Cross-Linguistic Transcription Systems",
    "access_right": "open",
    "keywords": [
        "linguistics",
        "transcription system",
        "reference catalog"
    ],
    "license": {
        "id": "CC-BY-4.0"
    },
    "contributors": [
        {
            "type": "Other",
            "name": "Christoph Rzymski"
        },
        {
            "type": "Other",
            "name": "Simon J. Greenhill"
        }
    ],
    "upload_type": "dataset",
    "communities": [
        {
            "identifier": "dighl"
        },
        {
            "identifier": "calc"
        }
    ]
}
