BIPA	GRAPHEME	SOUND	FEATURES	IMAGE	SYMBOLS
<NA>		##.mp3	##	IPA-116-431.gif	
<NA>		high-rising-contour_close-mid_front_unrounded.mp3	a high-rising contour close-mid front unrounded vowel	IPA-302-526.gif	
<NA>		low-rising-contour_close-mid_front_unrounded.mp3	a low-rising contour close-mid front unrounded vowel	IPA-302-527.gif	
<NA>		rising-falling-contour_close-mid_front_unrounded.mp3	a rising-falling contour close-mid front unrounded vowel	IPA-302-528.gif	
a˞	a̢	rhotic_open_front_unrounded.mp3	rhotic open front unrounded vowel	IPA-304-419.gif	◌a ◌˞
a̤	a̤	breathy-voiced_open_front_unrounded.mp3	a breathy voiced open front unrounded vowel	IPA-304-405.gif	◌a ◌̤
a̰	a̰	creaky-voiced_open_front_unrounded.mp3	a creaky voiced open front unrounded vowel	IPA-304-406.gif	◌a ◌̰
b	b	V_bilabial_plosive.mp3	a voiced bilabial plosive	IPA-102.gif	◌b
bʱ	bʱ	breathy-voiced_bilabial_plosive.mp3	a breathy voiced bilabial plosive	IPA-102-405.gif	◌b ◌ʱ
b̰	b̰	creaky-voiced_V_bilabial_plosive.mp3	a creaky voiced voiced bilabial plosive	IPA-102-406.gif	◌b ◌̰
c	c	VL_palatal_plosive.mp3	a voiceless palatal plosive	IPA-107.gif	◌c
d	d	V_alveolar_plosive.mp3	a voiced alveolar plosive	IPA-104.gif	◌d
dʰ	dʰ	aspirated_V_alveolar_plosive.mp3	an aspirated voiced alveolar plosive	IPA-104-404.gif	◌d ◌ʰ
dʲ	dʲ	palatalized_V_alveolar plosive.mp3	a palatalized voiced alveolar plosive	IPA-104-421.gif	◌d ◌ʲ
dʷ	dʷ	labialized_V_alveolar_plosive.mp3	a labialized voiced alveolar plosive	IPA-104-420.gif	◌d ◌ʷ
dˠ	dˠ	velarized_V_alveolar_plosive.mp3	a velarized voiced alveolar plosive	IPA-104-422.gif	◌d ◌ˠ
dˡ	dˡ	lateral-release_V_alveolar_plosive.mp3	a laterally released voiced alveolar plosive	IPA-104-426.gif	◌d ◌ˡ
dˤ	dˤ	pharyngealized_V_alveolar_plosive.mp3	a pharyngealized voiced alveolar plosive	IPA-104-423.gif	◌d ◌ˤ
d̚	d̚	no-audible-release_V_alveolar_plosive.mp3	a voiced alveolar plosive with no audible release	IPA-104-427.gif	◌d ◌̚
d̥	d̥	devoiced_V_alveolar_plosive.mp3	a devoiced voiced alveolar plosive	IPA-104-402A.gif	◌d ◌̥
d̪	d̪	dentalized_V_alveolar_plosive.mp3	a dentalized voiced alveolar plosive	IPA-104-408.gif	◌d ◌̪
d̼	d̫	linguolabialized_V_alveolar_plosive.mp3	a linguolabialized voiced alveolar plosive	IPA-104-407.gif	◌d ◌̼
d̺	d̺	apical_V_alveolar_plosive.mp3	an apical voiced alveolar plosive	IPA-104-409.gif	◌d ◌̺
d̻	d̻	laminal_V_alveolar_plosive.mp3	a laminal voiced alveolar plosive	IPA-104-410.gif	◌d ◌̻
dⁿ	dⁿ	nasal-release_V_alveolar_plosive.mp3	a nasal released voiced alveolar plosive	IPA-104-425.gif	◌d ◌ⁿ
è	è	low-tone_close-mid_front_unrounded.mp3	a low-tone close-mid front unrounded vowel	IPA-302-515.gif	◌e ◌̀
é	é	high-tone_close-mid_front_unrounded.mp3	a high-tone close-mid front unrounded vowel	IPA-302-513.gif	◌e ◌́
ê	ê	falling-contour_close-mid_front_unrounded.mp3	a falling contour close-mid front unrounded vowel	IPA-302-525.gif	◌e ◌̂
ẽ	ẽ	nasalized_close-mid_front_unrounded.mp3	nasalized close-mid front unrounded vowel	IPA-302-424.gif	◌e ◌̃
ē	ē	mid-tone_close-mid_front_unrounded.mp3	a mid-tone close-mid front unrounded vowel	IPA-302-514.gif	◌e ◌̄
ë	ë	centralized_close-mid_front_unrounded.mp3	a centralized close-mid front unrounded vowel	IPA-302-415.gif	◌e ◌̈
é	e̋	extra-high-tone_close-mid_front_unrounded.mp3	an extra-high tome close-mid front unrounded vowel	IPA-302-512.gif	◌e ◌́
ě	ě	rising-contour_close-mid_front_unrounded.mp3	a rising contour close-mid front unrounded vowel	IPA-302-524.gif	◌e ◌̌
è	ȅ	extra-low-tone_close-mid_front_unrounded.mp3	an extra-low tone close-mid front unrounded vowel	IPA-302-516.gif	◌e ◌̀
e̘	e̘	advanced-tongue-root_close-mid_front_unrounded.mp3	an advanced tongue root close-mid front unrounded vowel'	IPA-302-417.gif	◌e ◌̘
e̙	e̙	retracted-tongue-root_close-mid_front_unrounded.mp3	a retracted tongue root close-mid front unrounded vowel'	IPA-302-418.gif	◌e ◌̙
e̝	e̝	raised_close-mid_front_unrounded.mp3	a raised close-mid front unrounded vowel'	IPA-302-429.gif	◌e ◌̝
e̞	e̞	lowered_close-mid_front_unrounded.mp3	a lowered close-mid front unrounded vowel'	IPA-302-430.gif	◌e ◌̞
e̠	e̠	retracted_close-mid_front_unrounded.mp3	a retracted close-mid front unrounded vowel	IPA-302-414.gif	◌e ◌̠
e̯	e̯	non-syllabic_close-mid_front_unrounded.mp3	a non-syllabic close-mid front unrounded vowel'	IPA-302-432.gif	◌e ◌̯
e̽	e̽	mid-centralized_close-mid_front_unrounded.mp3	a mid-centralized close-mid front unrounded vowel'	IPA-302-416.gif	◌e ◌̽
f	f	VL_labiodental_fricative.mp3	a voiced labiodental fricative	IPA-128.gif	◌f
g	g	V_velar_plosive.mp3	a voiced velar plosive	IPA-110.gif	◌g
h	h	VL_glottal_fricative.mp3	a voiceless glottal fricative	IPA-146.gif	◌h
j	j	V_palatal_approximant.mp3	a voiced palatal approximant	IPA-153.gif	◌j
k	k	VL_velar_plosive.mp3	a voiceless velar plosive	IPA-109.gif	◌k
kp	kp	kp_affricate.mp3	an affricated kp	IPA-433.gif	◌k ◌p
kʼ	kʼ	VL_velar_ejective.mp3	a voiceless velar ejective	IPA-109-401.gif	◌k ◌ʼ
l	l	V_alveolar_lateral-approximant.mp3	a voiced alveolar lateral approximant	IPA-155.gif	◌l
m	m	V_bilabial_nasal.mp3	a voiced bilabial nasal	IPA-114.gif	◌m
n	n	V_alveolar_nasal.mp3	a voiced alveolar nasal	IPA-116.gif	◌n
n̥	n̥	devoiced_V_alveolar_nasal.mp3	a devoiced voiced alveolar nasal	IPA-116-402A.gif	◌n ◌̥
p	p	VL_bilabial_plosive.mp3	a voiceless bilabial plosive	IPA-101.gif	◌p
pʼ	pʼ	VL_bilabial_ejective.mp3	a voiceless bilabial ejective	IPA-101-401.gif	◌p ◌ʼ
q	q	VL_uvular_plosive.mp3	a voiceless uvular plosive	IPA-111.gif	◌q
r	r	V_alveolar_trill.mp3	a voiced alveolar trill	IPA-122.gif	◌r
s	s	VL_alveolar_fricative.mp3	a voiceless alveolar fricative	IPA-132.gif	◌s
sʼ	sʼ	VL_alveolar-fricative_ejective.mp3	a voiceless alveolar fricative ejective	IPA-132-401.gif	◌s ◌ʼ
s̬	s̬	voiced_VL_alveolar_fricative.mp3	a voiced voiceless alveolar fricative	IPA-132-403.gif	◌s ◌̬
t	t	VL_alveolar_plosive.mp3	a voiceless alveolar plosive	IPA-103.gif	◌t
ts	ts	ts_affricate.mp3	an affricated ts	IPA-103-132-509.gif	◌t ◌s
tʰ	tʰ	aspirated_VL_alveolar_plosive.mp3	an aspirated voiceless alveolar plosive	IPA-103-404.gif	◌t ◌ʰ
tʲ	tʲ	palatalized_VL_alveolar plosive.mp3	a palatalized voiceless alveolar plosive	IPA-103-421.gif	◌t ◌ʲ
tʷ	tʷ	labialized_VL_alveolar_plosive.mp3	a labialized voiceless alveolar plosive	IPA-103-420.gif	◌t ◌ʷ
tʼ	tʼ	VL_dental_ejective.mp3	a voiceless dental/alveolar ejective	IPA-103-401.gif	◌t ◌ʼ
tˠ	tˠ	velarized_VL_alveolar_plosive.mp3	a velarized voiceless alveolar plosive	IPA-103-422.gif	◌t ◌ˠ
tˤ	tˤ	pharyngealized_VL_alveolar_plosive.mp3	a pharyngealized voiceless alveolar plosive	IPA-103-423.gif	◌t ◌ˤ
t̪	t̪	dentalized_VL_alveolar_plosive.mp3	a dentalized voiceless alveolar plosive	IPA-103-408.gif	◌t ◌̪
t̼	t̫	linguolabialized_VL_alveolar_plosive.mp3	a linguolabialized voiceless alveolar plosive	IPA-103-407.gif	◌t ◌̼
t̬	t̬	voiced_VL_alveolar_plosive.mp3	a voiced voiceless alveolar plosive	IPA-103-403.gif	◌t ◌̬
t̺	t̺	apical_VL_alveolar_plosive.mp3	an apical voiceless alveolar plosive	IPA-103-409.gif	◌t ◌̺
t̻	t̻	laminal_VL_alveolar_plosive.mp3	a laminal voiceless alveolar plosive	IPA-103-410.gif	◌t ◌̻
u̟	u̟	advanced_close_back_rounded.mp3	an advanced close back rounded vowel	IPA-308-413.gif	◌u ◌̟
v	v	V_labiodental_fricative.mp3	a voiced labiodental fricative	IPA-129.gif	◌v
w	w	V_labial-velar_approximant.mp3	a voiced labial-velar approximant	IPA-170.gif	◌w
x	x	VL_velar_fricative.mp3	a voiceless velar fricative	IPA-140.gif	◌x
z	z	V_alveolar_fricative.mp3	a voiced alveolar fricative	IPA-133.gif	◌z
ç	ç	VL_palatal_fricative.mp3	a voiceless palatal fricative	IPA-138.gif	◌c ◌̧
ð	ð	V_dental_fricative.mp3	a voiced dental fricative	IPA-131.gif	◌ð
ħ	ħ	VL_pharyngeal_fricative.mp3	a voiceless pharyngeal fricative	IPA-144.gif	◌ħ
ŋ	ŋ	V_velar_nasal.mp3	a voiced velar nasal	IPA-119.gif	◌ŋ
ǀ	ǀ	dental_click.mp3	a dental click	IPA-177.gif	◌ǀ
ǁ	ǁ	alveolar-lateral_click.mp3	an alveolar lateral click	IPA-180.gif	◌ǁ
ǂ	ǂ	palatoalveolar_click.mp3	a palatoalveolar click	IPA-179.gif	◌ǂ
ǃ	ǃ	postalveolar_click.mp3	a postalveolar click	IPA-178.gif	◌ǃ
ɓ	ɓ	V_bilabial_implosive.mp3	a voiced bilabial implosive	IPA-160.gif	◌ɓ
ɔ̜	ɔ̜	less-rounded_open-mid_back_rounded .mp3	a less rounded open-mid back rounded vowel	IPA-306-412.gif	◌ɔ ◌̜
ɔ̹	ɔ̹	more-rounded_open-mid_back_rounded .mp3	a more rounded open-mid back rounded vowel	IPA-306-411.gif	◌ɔ ◌̹
ɕ	ɕ	VL_alveolo-palatal_fricative.mp3	a voiceless alveolo-palatal fricative	IPA-182.gif	◌ɕ
ɖ	ɖ	V_retroflex_plosive.mp3	a voiced retroflex plosive	IPA-106.gif	◌ɖ
ɗ	ɗ	V_dental_implosive.mp3	a voiced dental/alveolar implosive	IPA-162.gif	◌ɗ
ə˞	ɚ	rhotic_mid_central.mp3	rhotic mid central vowel	IPA-327.gif	◌ə ◌˞
ɟ	ɟ	V_palatal_plosive.mp3	a voiced palatal plosive	IPA-108.gif	◌ɟ
ɠ	ɠ	V_velar_implosive.mp3	a voiced velar implosive	IPA-166.gif	◌ɠ
ɢ	ɢ	V_uvular_plosive.mp3	a voiced uvular plosive	IPA-112.gif	◌ɢ
ɣ	ɣ	V_velar_fricative.mp3	a voiced velar fricative	IPA-141.gif	◌ɣ
ɥ	ɥ	V_labial-palatal_approximant.mp3	a voiced labial-palatal approximant	IPA-171.gif	◌ɥ
ɦ	ɦ	V_glottal_fricative.mp3	a voiced glottal fricative	IPA-147.gif	◌ɦ
ɧ	ɧ	sim_VL_postalveolar_velar_fricative.mp3	a simultaneous voiceless postalveolar and velar fricative	IPA-175.gif	◌ɧ
lˠ	ɫ	velarized_V_alveolar_lateral-approximant.mp3	a velarized or pharyngealized alveolar lateral approximant	IPA-209.gif	◌l ◌ˠ
ɬ	ɬ	VL_alveolar_lateral-fricative.mp3	a voiceless alveolar lateral fricative	IPA-148.gif	◌ɬ
ɭ	ɭ	V_retroflex_lateral-approximant.mp3	a voiced lateral  approximant	IPA-156.gif	◌ɭ
ɮ	ɮ	V_alveolar_lateral-fricative.mp3	a voiced alveolar lateral fricative	IPA-149.gif	◌ɮ
ɰ	ɰ	V_velar_approximant.mp3	a voiced velar approximant	IPA-154.gif	◌ɰ
ɱ	ɱ	V_labiodental_nasal.mp3	a voiced labiodental nasal	IPA-115.gif	◌ɱ
ɱ	ɱ	VL_bilabial_fricative.mp3	a voiceless bilabial fricative	IPA-126.gif	◌ɱ
ɲ	ɲ	V_palatal_nasal.mp3	a voiced palatal nasal	IPA-118.gif	◌ɲ
ɳ	ɳ	V_retroflex_nasal.mp3	a voiced retroflex nasal	IPA-117.gif	◌ɳ
ɴ	ɴ	V_uvular_nasal.mp3	a voiced uvular nasal	IPA-120.gif	◌ɴ
ɹ	ɹ	V_alveolar_approximant.mp3	a voiced alveolar approximant	IPA-151.gif	◌ɹ
ɹ̝	ɹ̝	raised_V_alveolar_fricative.mp3	a raised voiced alveolar fricative	IPA-151-429.gif	◌ɹ ◌̝
ɺ	ɺ	V_alveolar_lateral_flap.mp3	a voiced alveolar lateral flap	IPA-181.gif	◌ɺ
ɻ	ɻ	V_retroflex_approximant.mp3	a voiced retroflex approximant	IPA-152.gif	◌ɻ
ɽ	ɽ	V_retroflex_tap.mp3	a voiced retroflex tap	IPA-125.gif	◌ɽ
ɾ	ɾ	V_alveolar_tap.mp3	a voiced alveolar tap	IPA-124.gif	◌ɾ
ʀ	ʀ	V_uvular_trill.mp3	a voiced uvular trill	IPA-123.gif	◌ʀ
ʁ	ʁ	V_uvular_fricative.mp3	a voiced uvular fricative	IPA-143.gif	◌ʁ
ʂ	ʂ	VL_retroflex_fricative.mp3	a voiceless retroflex fricative	IPA-136.gif	◌ʂ
ʃ	ʃ	VL_postalveolar_fricative.mp3	a voiceless postalveolar fricative	IPA-134.gif	◌ʃ
ʄ	ʄ	V_palatal_implosive.mp3	a voiced palatal implosive	IPA-164.gif	◌ʄ
ʈ	ʈ	VL_retroflex_plosive.mp3	a voiceless retroflex plosive	IPA-105.gif	◌ʈ
ʋ	ʋ	V_labiodental_approximant.mp3	a voiced labiodental approximant	IPA-150.gif	◌ʋ
ʍ	ʍ	VL_labial-velar_fricative.mp3	a voiceless labial-velar fricative	IPA-169.gif	◌ʍ
ʐ	ʐ	V_retroflex_fricative.mp3	a voiced retroflex fricative	IPA-137.gif	◌ʐ
ʑ	ʑ	V_alveolo-palatal_fricative.mp3	a voiced alveolo-palatal fricative	IPA-183.gif	◌ʑ
ʒ	ʒ	V_postalveolar_fricative.mp3	a voiced postalveolar fricative	IPA-135.gif	◌ʒ
ʔ	ʔ	VL_glottal_plosive.mp3	a voice	IPA-113.gif	◌ʔ
ʕ	ʕ	V_pharyngeal_fricative.mp3	a voiced pharyngeal fricative	IPA-145.gif	◌ʕ
ʘ	ʘ	bilabial_click.mp3	a bilabial click	IPA-176.gif	◌ʘ
ʙ	ʙ	V_bilabial_trill.mp3	a voiced bilabial trill	IPA-121.gif	◌ʙ
ʛ	ʛ	V_uvular_implosive.mp3	a voiced uvular implosive	IPA-168.gif	◌ʛ
ʜ	ʜ	VL_epiglottal_fricative.mp3	a voiceless epiglottal fricative	IPA-172.gif	◌ʜ
ʝ	ʝ	V_palatal_fricative.mp3	a voiced palatal fricative	IPA-139.gif	◌ʝ
ʟ	ʟ	V_velar_lateral-approximant.mp3	a voiced velar lateral approximant	IPA-158.gif	◌ʟ
ʡ	ʡ	epiglottal_plosive.mp3	an epiglottal plosive	IPA-173.gif	◌ʡ
ʢ	ʢ	V_epiglottal_fricative.mp3	a voiced epiglottal fricative or approximant	IPA-174.gif	◌ʢ
β	β	V_bilabial_fricative.mp3	a voiced bilabial fricative	IPA-127.gif	◌β
β̞	β̞	lowered_V_bilabial_approximant.mp3	a lowered bilabial approximant'	IPA-127-430.gif	◌β ◌̞
θ	θ	VL_dental_fricative.mp3	a voiceless dental fricative	IPA-130.gif	◌θ
ʎ	λ	V_palatal_lateral-approximant.mp3	a voiced palatal lateral approximant	IPA-157.gif	◌ʎ
χ	χ	VL_uvular_fricative.mp3	a voiceless uvular fricative	IPA-142.gif	◌χ
ⱱ	ⱱ	V_labialdental_flap.mp3	a voiced labialdental flap	IPA-184.gif	◌ⱱ
