BIPA	GRAPHEME	COUNT	NOTE	SYMBOLS
<NA>	v̼	1		
kʼ	kʼ	6	◌k ◌ʼ
kʼʷ	kʼʷ	1	◌k ◌ʼ ◌ʷ
kʼʷ	kʷʼ	2	◌k ◌ʼ ◌ʷ
pʼ	pʼ	3	◌p ◌ʼ
qʼ	qʼ	2	◌q ◌ʼ
qʼʷ	qʼʷ	1	◌q ◌ʼ ◌ʷ
sʼ	sʼ	1	◌s ◌ʼ
tsʼ	tsʼ	5	◌t ◌s ◌ʼ
tɬʼ	tɬʼ	3	◌t ◌ɬ ◌ʼ
tʃʼ	tʃʼ	5	◌t ◌ʃ ◌ʼ
tʃʼː	tʃʼː	1	◌t ◌ʃ ◌ʼ ◌ː
tʼ	tʼ	4	◌t ◌ʼ
<NA>	aʊɪ	1	triphthong	
<NA>	eəɪ	1	triphthong	
<NA>	iau	2	triphthong	
<NA>	iou	1	triphthong	
<NA>	iəɪ	1	triphthong	
<NA>	jai̯	1	triphthong	
<NA>	jau̯	1	triphthong	
<NA>	jeu̯	1	triphthong	
<NA>	ld	1		
<NA>	oəɪ	1	triphthong	
<NA>	uai	1		
<NA>	uei	1		
<NA>	wai̯	1		
<NA>	wei̯	1		
z̻	z̻	1		
ǁʼ	ǁʼ	1		
<NA>	ɔoũ	1	triphthong	
<NA>	əɪa	1	triphthong	
<NA>	əʁ̞	1		
<NA>	əʊɪ	1	triphthong	
a	a	126		◌a
ae	ae	1		◌a ◌e
ae̯	ae̯	2		◌a ◌e ◌̯
ai	ai	12		◌a ◌i
ai̯	ai̯	2		◌a ◌i ◌̯
ai̯	aj	4		◌a ◌i ◌̯
ao̯	ao̯	1		◌a ◌o ◌̯
au	au	16		◌a ◌u
au̯	au̯	2		◌a ◌u ◌̯
au̯	aw	4		◌a ◌u ◌̯
aɛ	aɛ	1		◌a ◌ɛ
aɛ̯	aɛ̯	1		◌a ◌ɛ ◌̯
aɪ	aɪ	9		◌a ◌ɪ
aɪ̃	aɪ̃	1		◌a ◌ɪ ◌̃
aɵ̯	aɵ̯	1		◌a ◌ɵ ◌̯
aʊ	aʊ	8		◌a ◌ʊ
aʊ̃	aʊ̃	1		◌a ◌ʊ ◌̃
aˀ	aʔ	1		◌a ◌ˀ
aː	aː	54		◌a ◌ː
aːi	aːi	1		◌a ◌ː ◌i
aːu	aːu	1		◌a ◌ː ◌u
aˑ	aˑ	3		◌a ◌ˑ
a˞	a˞	1		◌a ◌˞
aˠ	aˠ	1		◌a ◌ˠ
aˤ	aˤ	2		◌a ◌ˤ
aˤː	aˤ:	1		◌a ◌ˤ ◌ː
ã	ã	16		◌a ◌̃
ãː	ãː	4		◌a ◌̃ ◌ː
ãˤ	ãˤ	1		◌a ◌̃ ◌ˤ
a̤	a̤	2		◌a ◌̤
a̤ː	a̤ː	1		◌a ◌̤ ◌ː
a̤ˑ	a̤ˑ	1		◌a ◌̤ ◌ˑ
a̰	a̰	3		◌a ◌̰
ã̰	ã̰	1		◌a ◌̰ ◌̃
b	b	127		◌b
bʰ	bʰ	1		◌b ◌ʰ
bʰː	bʰː	1		◌b ◌ʰ ◌ː
bʱ	bʱ	6		◌b ◌ʱ
bʱː	bbʱ	1		◌b ◌ʱ ◌ː
bʱː	bʱː	1		◌b ◌ʱ ◌ː
bʲ	bʲ	4		◌b ◌ʲ
bʷ	bʷ	1		◌b ◌ʷ
bʷː	bʷː	1		◌b ◌ʷ ◌ː
bː	b:	1		◌b ◌ː
bː	bb	1		◌b ◌ː
bː	bː	13		◌b ◌ː
bˠ	bˠ	1		◌b ◌ˠ
b̥	b̥	3		◌b ◌̥
c	c	26		◌c
cç	cç	1		◌c ◌c ◌̧
cç	tç	2		◌c ◌c ◌̧
cçː	cçː	1		◌c ◌c ◌̧ ◌ː
cʰ	cʰ	3		◌c ◌ʰ
cː	cː	1		◌c ◌ː
ç	ç	7		◌c ◌̧
cⁿ	cn	1		◌c ◌ⁿ
d	d	122		◌d
dz	dz	18		◌d ◌z
dz	d͜z	1		◌d ◌z
dzʱ	dzʱ	1		◌d ◌z ◌ʱ
dzʱː	dzʱː	1		◌d ◌z ◌ʱ ◌ː
dzʲ	dzʲ	2		◌d ◌z ◌ʲ
dzː	dzdz	1		◌d ◌z ◌ː
dzː	dzː	2		◌d ◌z ◌ː
dzː	dːz	1		◌d ◌z ◌ː
dz̪	d̪z̪	1		◌d ◌z ◌̪
dz̻	d̻z̻	1		◌d ◌z ◌̻
dɮ	dlʒ	1		◌d ◌ɮ
dʑ	dʑ	12		◌d ◌ʑ
dʑ	d̠ʑ	2		◌d ◌ʑ
dʑʱ	d̠ʑʱ	2		◌d ◌ʑ ◌ʱ
dʑʱː	d̠ʑʱː	1		◌d ◌ʑ ◌ʱ ◌ː
dʑː	dʑː	1		◌d ◌ʑ ◌ː
dʑː	dːʑ	1		◌d ◌ʑ ◌ː
dʑː	d̠ʑː	1		◌d ◌ʑ ◌ː
dʒ	dʒ	70		◌d ◌ʒ
dʒʱ	dʒʱ	2		◌d ◌ʒ ◌ʱ
dʒʱː	dʒdʒʱ	1		◌d ◌ʒ ◌ʱ ◌ː
dʒʱː	dʒʱː	1		◌d ◌ʒ ◌ʱ ◌ː
dʒʲ	dʒʲ	1		◌d ◌ʒ ◌ʲ
dʒː	d:ʒ	1		◌d ◌ʒ ◌ː
dʒː	dʒdʒ	1		◌d ◌ʒ ◌ː
dʒː	dʒː	4		◌d ◌ʒ ◌ː
dʒː	dːʃ	1		◌d ◌ʒ ◌ː
dʰ	dʰ	1		◌d ◌ʰ
dʰː	dʰː	1		◌d ◌ʰ ◌ː
dʱ	dʱ	4		◌d ◌ʱ
dʱː	ddʱ	1		◌d ◌ʱ ◌ː
dʱː	dʱː	2		◌d ◌ʱ ◌ː
dʲ	dʲ	5		◌d ◌ʲ
dʷ	dʷ	1		◌d ◌ʷ
dː	d:	1		◌d ◌ː
dː	dd	1		◌d ◌ː
dː	dː	10		◌d ◌ː
dˤ	dˤ	2		◌d ◌ˤ
dˤː	dˤː	1		◌d ◌ˤ ◌ː
d̥	d̥	3		◌d ◌̥
d̪	d̪	7		◌d ◌̪
d̪ʱ	d̪ʱ	3		◌d ◌̪ ◌ʱ
d̪ʱː	d̪ʱː	2		◌d ◌̪ ◌ʱ ◌ː
d̪ʲ	d̪ʲ	1		◌d ◌̪ ◌ʲ
d̪ʷ	d̪ʷ	1		◌d ◌̪ ◌ʷ
d̪ː	d̪ː	2		◌d ◌̪ ◌ː
d̪ˠ	d̪ˠ	1		◌d ◌̪ ◌ˠ
e	e	105		◌e
ea	ea	2		◌e ◌a
eaː	eaː	1		◌e ◌a ◌ː
eã	eã	1		◌e ◌a ◌̃
ei	ei	9		◌e ◌i
ei̯	ei̯	3		◌e ◌i ◌̯
ei̯	ej	2		◌e ◌i ◌̯
eo	eo	2		◌e ◌o
eoː	eoː	1		◌e ◌o ◌ː
eu	eu	6		◌e ◌u
eu̯	eu̯	2		◌e ◌u ◌̯
eu̯	ew	1		◌e ◌u ◌̯
eɑ	eɑ	1		◌e ◌ɑ
eɔ	eɔ	1		◌e ◌ɔ
eə	eə	3		◌e ◌ə
eɪ	eɪ	6		◌e ◌ɪ
eɪ̃	eɪ̃	1		◌e ◌ɪ ◌̃
eː	e:	1		◌e ◌ː
eː	eː	45		◌e ◌ː
eːː	eːː	1		◌e ◌ː ◌ː
eˑ	eˑ	4		◌e ◌ˑ
eˠ	eˠ	1		◌e ◌ˠ
eˠː	eˠː	1		◌e ◌ˠ ◌ː
eˤ	eˤ	1		◌e ◌ˤ
eˤː	eːˤ	1		◌e ◌ˤ ◌ː
ẽ	ẽ	12		◌e ◌̃
ẽː	ẽː	1		◌e ◌̃ ◌ː
ẽˤ	ẽˤ	1		◌e ◌̃ ◌ˤ
ë	ë	1		◌e ◌̈
e̝	e̝	1		◌e ◌̝
e̞ɪ	e̞ɪ	1		◌e ◌̞ ◌ɪ
e̤	e̤	3		◌e ◌̤
e̤ː	e̤ː	1		◌e ◌̤ ◌ː
e̤ˑ	e̤ˑ	1		◌e ◌̤ ◌ˑ
ḛ	ḛ	3		◌e ◌̰
ḛ̃	ḛ̃	1		◌e ◌̰ ◌̃
f	f	113		◌f
fʰ	fʰ	1		◌f ◌ʰ
fʲ	fʲ	2		◌f ◌ʲ
fʷ	fʷ	2		◌f ◌ʷ
fʷː	fʷː	1		◌f ◌ʷ ◌ː
fː	fː	10		◌f ◌ː
fˠ	fˠ	1		◌f ◌ˠ
g	g	117		◌g
gb	gb	9		◌g ◌b
gǀ	gǀ	1		◌g ◌ǀ
gǁ	gǁ	1		◌g ◌ǁ
gǃ	gǃ	1		◌g ◌ǃ
gʰ	gʰ	1		◌g ◌ʰ
gʱ	gʱ	6		◌g ◌ʱ
gʱː	ggʱ	1		◌g ◌ʱ ◌ː
gʱː	gʱː	3		◌g ◌ʱ ◌ː
gʲ	gʲ	3		◌g ◌ʲ
gʷ	gʷ	14		◌g ◌ʷ
gʷː	gʷː	5		◌g ◌ʷ ◌ː
gː	g:	1		◌g ◌ː
gː	gg	1		◌g ◌ː
gː	gː	12		◌g ◌ː
g̊	g̊	3		◌g ◌̊
h	h	102		◌h
hʲ	hʲ	1		◌h ◌ʲ
hʲː	hʲː	1		◌h ◌ʲ ◌ː
hʷ	hʷ	2		◌h ◌ʷ
hʷː	hʷː	1		◌h ◌ʷ ◌ː
hː	hː	7		◌h ◌ː
h̃	h̃	1		◌h ◌̃
i	i	148		◌i
ia	ia	6		◌i ◌a
ie	ie	4		◌i ◌e
io	io	1		◌i ◌o
iu	iu	5		◌i ◌u
iu̯	iw	1		◌i ◌u ◌̯
iɐ	iɐ	1		◌i ◌ɐ
iɑ	iɑ	1		◌i ◌ɑ
iɔ	iɔ	1		◌i ◌ɔ
iə	iə	5		◌i ◌ə
iə̯	iə̯	1		◌i ◌ə ◌̯
iɛ	iɛ	1		◌i ◌ɛ
iˀ	iʔ	1		◌i ◌ˀ
iː	i:	1		◌i ◌ː
iː	ij	1		◌i ◌ː
iː	iː	59		◌i ◌ː
iːu	iːu	1		◌i ◌ː ◌u
iːə	iːə	1		◌i ◌ː ◌ə
iːː	iːː	1		◌i ◌ː ◌ː
iˑ	iˑ	5		◌i ◌ˑ
iˠ	iˠ	1		◌i ◌ˠ
iˤ	iˤ	2		◌i ◌ˤ
ĩ	ĩ	19		◌i ◌̃
ĩː	ĩː	5		◌i ◌̃ ◌ː
ĩˤ	ĩˤ	1		◌i ◌̃ ◌ˤ
i̙	i̙	1		◌i ◌̙
i̞	i̞	1		◌i ◌̞
i̞ː	i̞ː	1		◌i ◌̞ ◌ː
i̤	i̤	2		◌i ◌̤
i̤ː	i̤ː	1		◌i ◌̤ ◌ː
i̤ˑ	i̤ˑ	1		◌i ◌̤ ◌ˑ
i̯a	ja	3		◌i ◌̯ ◌a
i̯e	je	3		◌i ◌̯ ◌e
i̯o	jo	3		◌i ◌̯ ◌o
i̯u	ju	3		◌i ◌̯ ◌u
i̯ɛ	jɛ	1		◌i ◌̯ ◌ɛ
i̯ʌ	jʌ	1		◌i ◌̯ ◌ʌ
ḭ	ḭ	3		◌i ◌̰
ḭ̃	ḭ̃	1		◌i ◌̰ ◌̃
j	j	140		◌j
jʷ	jʷ	1		◌j ◌ʷ
jː	j:	1		◌j ◌ː
jː	jj	1		◌j ◌ː
jː	jː	11		◌j ◌ː
j̃	j̃	2		◌j ◌̃
k	k	155		◌k
kp	kp	9		◌k ◌p
kx	kx	1		◌k ◌x
kʰ	kʰ	32		◌k ◌ʰ
kʰː	kkʰ	1		◌k ◌ʰ ◌ː
kʰː	kʰː	3		◌k ◌ʰ ◌ː
kʲ	kʲ	5		◌k ◌ʲ
kʷ	kʷ	24		◌k ◌ʷ
kʷʰ	kʷʰ	3		◌k ◌ʷ ◌ʰ
kʷː	kʷː	5		◌k ◌ʷ ◌ː
kʼ	k'	1		◌k ◌ʼ
kʼ	kʼ	1		◌k ◌ʼ
kʼ	kʼ	6		◌k ◌ʼ
kʼʷ	kʷ'	2		◌k ◌ʼ ◌ʷ
kʼʷ	kʷʼ	1		◌k ◌ʼ ◌ʷ
kʼʷ	kʷʼ	2		◌k ◌ʼ ◌ʷ
kʼʷ	kʼʷ	1		◌k ◌ʼ ◌ʷ
kː	k:	1		◌k ◌ː
kː	kk	1		◌k ◌ː
kː	kː	15		◌k ◌ː
kˡ	kl	1		◌k ◌ˡ
kˢ	ks	1		◌k ◌ˢ
kʼʲ	kʲʼ	1		◌k ◌ʼ ◌ʲ
kʼʲ	kʲʼ	1		◌k ◌ʼ ◌ʲ
kʼʷː	kʷʼː	1		◌k ◌ʼ ◌ʷ ◌ː
kⁿ	kŋ	1		◌k ◌ⁿ
kⁿʷ	kŋʷ	1		◌k ◌ⁿ ◌ʷ
l	l	151		◌l
lʱ	lʱ	2		◌l ◌ʱ
lʲ	lʲ	6		◌l ◌ʲ
lʲʷ	lʲʷ	1		◌l ◌ʲ ◌ʷ
lʷ	lʷ	1		◌l ◌ʷ
lˀ	lʔ	1		◌l ◌ˀ
lː	l:	1		◌l ◌ː
lː	ll	1		◌l ◌ː
lː	lː	18		◌l ◌ː
lˠ	ɫ	2		◌l ◌ˠ
lˤ	lˤ	2		◌l ◌ˤ
lˤː	lˤː	1		◌l ◌ˤ ◌ː
l̥	l̥	3		◌l ◌̥
l̪	1	l		◌l ◌̪
l̪	l̪	1		◌l ◌̪
l̪ʷ	l̪ʷ	1		◌l ◌̪ ◌ʷ
l̪ˠ	l̪ˠ	1		◌l ◌̪ ◌ˠ
m	m	158		◌m
mʱ	mʱ	2		◌m ◌ʱ
mʲ	mʲ	5		◌m ◌ʲ
mʷ	mʷ	4		◌m ◌ʷ
mʷː	mʷː	1		◌m ◌ʷ ◌ː
mˀ	mʔ	1		◌m ◌ˀ
mː	m:	1		◌m ◌ː
mː	mm	1		◌m ◌ː
mː	mː	18		◌m ◌ː
mˠ	mˠ	1		◌m ◌ˠ
mˤ	mˤ	1		◌m ◌ˤ
m̥	m̥	5		◌m ◌̥
m̩	m̩	1		◌m ◌̩
n	N	1		◌n
n	n	159		◌n
n	n̘	1		◌n
nʱ	nʱ	2		◌n ◌ʱ
nʲ	nʲ	8		◌n ◌ʲ
nʲʷ	nʲʷ	1		◌n ◌ʲ ◌ʷ
nʷ	nʷ	2		◌n ◌ʷ
nˀ	nʔ	1		◌n ◌ˀ
nː	n:	1		◌n ◌ː
nː	nn	1		◌n ◌ː
nː	nː	20		◌n ◌ː
nˤ	nˤ	2		◌n ◌ˤ
n̥	n̥	5		◌n ◌̥
n̩	n̹	1		◌n ◌̩
n̪	n̪	6		◌n ◌̪
n̪ʲ	n̪ʲ	1		◌n ◌̪ ◌ʲ
n̪ʷ	n̪ʷ	1		◌n ◌̪ ◌ʷ
n̪ː	n̪ː	1		◌n ◌̪ ◌ː
n̪ˠ	n̪ˠ	1		◌n ◌̪ ◌ˠ
n̼	m̼	1		◌n ◌̼
o	o	114		◌o
oa	oa	1		◌o ◌a
oe	oe	3		◌o ◌e
oe̯	oe̯	1		◌o ◌e ◌̯
oi	oi	6		◌o ◌i
oi̯	oi̯	3		◌o ◌i ◌̯
oi̯	oj	3		◌o ◌i ◌̯
ou	ou	8		◌o ◌u
ou̯	ou̯	2		◌o ◌u ◌̯
ou̯	ow	1		◌o ◌u ◌̯
oɑ	oɑ	1		◌o ◌ɑ
oɪ	oɪ	2		◌o ◌ɪ
oʊ	oʊ	1		◌o ◌ʊ
oʊ̃	oʊ̃	2		◌o ◌ʊ ◌̃
oː	oː	50		◌o ◌ː
oːɒ̯ˤ	oːɒ̯ʔ	1		◌o ◌ː ◌ɒ ◌̯ ◌ˤ
oːə	oːə	1		◌o ◌ː ◌ə
oːː	oːː	1		◌o ◌ː ◌ː
oˑ	oˑ	5		◌o ◌ˑ
oˤ	oˤ	2		◌o ◌ˤ
oˤː	oːˤ	1		◌o ◌ˤ ◌ː
oˤː	oˤː	1		◌o ◌ˤ ◌ː
õ	õ	12		◌o ◌̃
õi	õi	1		◌o ◌̃ ◌i
õː	õː	4		◌o ◌̃ ◌ː
õˤ	õˤ	1		◌o ◌̃ ◌ˤ
ö	ö	1		◌o ◌̈
o̙	o̙	1		◌o ◌̙
o̝	o̝	1		◌o ◌̝
o̤	o̤	2		◌o ◌̤
o̤ː	o̤ː	1		◌o ◌̤ ◌ː
o̤ˑ	o̤ˑ	1		◌o ◌̤ ◌ˑ
o̯ː	oo̯	1		◌o ◌̯ ◌ː
o̰	o̰	3		◌o ◌̰
õ̰	õ̰	1		◌o ◌̰ ◌̃
p	p	149		◌p
pf	pf	3		◌p ◌f
pʰ	pʰ	29		◌p ◌ʰ
pʰː	ppʰ	1		◌p ◌ʰ ◌ː
pʰː	pʰː	3		◌p ◌ʰ ◌ː
pʲ	pʲ	4		◌p ◌ʲ
pʷ	pʷ	2		◌p ◌ʷ
pʼ	p'	2		◌p ◌ʼ
pʼ	pʼ	2		◌p ◌ʼ
pʼ	pʼ	3		◌p ◌ʼ
pː	p:	2		◌p ◌ː
pː	pp	1		◌p ◌ː
pː	pː	9		◌p ◌ː
pˠ	pˠ	1		◌p ◌ˠ
pʼʷ	pʷʼ	1		◌p ◌ʼ ◌ʷ
pʼː	pʼː	1		◌p ◌ʼ ◌ː
pⁿ	pm	1		◌p ◌ⁿ
q	q	18		◌q
qʰ	qʰ	4		◌q ◌ʰ
qʷ	qʷ	4		◌q ◌ʷ
qʼ	q'	1		◌q ◌ʼ
qʼ	qʼ	1		◌q ◌ʼ
qʼ	qʼ	2		◌q ◌ʼ
qʼʷ	qʷ'	1		◌q ◌ʼ ◌ʷ
qʼʷ	qʼʷ	1		◌q ◌ʼ ◌ʷ
qː	qː	1		◌q ◌ː
qχ	qχ	1		◌q ◌χ
r	r	77		◌r
rʲ	rʲ	2		◌r ◌ʲ
rː	rr	1		◌r ◌ː
rː	rː	7		◌r ◌ː
rˤ	rˤ	1		◌r ◌ˤ
rˤː	rˤː	1		◌r ◌ˤ ◌ː
r̝	r̝	3		◌r ◌̝
s	s	148		◌s
sʰ	sʰ	2		◌s ◌ʰ
sʲ	sʲ	4		◌s ◌ʲ
sʲː	sʲː	1		◌s ◌ʲ ◌ː
sʷ	sʷ	1		◌s ◌ʷ
sʷː	sʷː	1		◌s ◌ʷ ◌ː
sʼ	sʼ	1		◌s ◌ʼ
sː	s:	1		◌s ◌ː
sː	ss	1		◌s ◌ː
sː	sː	14		◌s ◌ː
sˠ	sˠ	2		◌s ◌ˠ
sˤ	sˤ	2		◌s ◌ˤ
sˤː	sˤː	1		◌s ◌ˤ ◌ː
s̪	s̪	2		◌s ◌̪
s̺	s̺	2		◌s ◌̺
s̻	s̻	2		◌s ◌̻
t	t	146		◌t
ts	ts	51		◌t ◌s
ts	t͜s	1		◌t ◌s
tsʰ	tsʰ	12		◌t ◌s ◌ʰ
tsʰː	tsʰː	1		◌t ◌s ◌ʰ ◌ː
tsʲ	tsʲ	2		◌t ◌s ◌ʲ
tsʼ	ts'	2		◌t ◌s ◌ʼ
tsʼ	tsʼ	2		◌t ◌s ◌ʼ
tsʼ	tsʼ	5		◌t ◌s ◌ʼ
tsː	tsts	1		◌t ◌s ◌ː
tsː	tsː	2		◌t ◌s ◌ː
ts̪	t̪s̪	1		◌t ◌s ◌̪
ts̪ʰ	t̪s̪ʰ	1		◌t ◌s ◌̪ ◌ʰ
ts̺	ts̺	1		◌t ◌s ◌̺
ts̻	ts̻	1		◌t ◌s ◌̻
ts̻	t̻s̻	1		◌t ◌s ◌̻
ts̻ʰ	t̻s̻ʰ	1		◌t ◌s ◌̻ ◌ʰ
tɕ	tɕ	17		◌t ◌ɕ
tɕ	t̠ɕ	2		◌t ◌ɕ
tɕʰ	tɕʰ	10		◌t ◌ɕ ◌ʰ
tɕʰ	t̠ɕʰ	2		◌t ◌ɕ ◌ʰ
tɕʰː	t̠ɕʰː	1		◌t ◌ɕ ◌ʰ ◌ː
tɕː	tːɕ	1		◌t ◌ɕ ◌ː
tɕː	t̠ɕː	2		◌t ◌ɕ ◌ː
tɬ	tɬ	5		◌t ◌ɬ
tɬʰ	tɬʰ	2		◌t ◌ɬ ◌ʰ
tɬʼ	tɬ'	2		◌t ◌ɬ ◌ʼ
tɬʼ	tɬʼ	1		◌t ◌ɬ ◌ʼ
tɬʼ	tɬʼ	3		◌t ◌ɬ ◌ʼ
tʃ	tʃ	91		◌t ◌ʃ
tʃʰ	tʃtʃʰ	1		◌t ◌ʃ ◌ʰ
tʃʰ	tʃʰ	11		◌t ◌ʃ ◌ʰ
tʃʰː	tʃʰː	1		◌t ◌ʃ ◌ʰ ◌ː
tʃʲ	tʃʲ	2		◌t ◌ʃ ◌ʲ
tʃʼ	tʃ'	2		◌t ◌ʃ ◌ʼ
tʃʼ	tʃʼ	1		◌t ◌ʃ ◌ʼ
tʃʼ	tʃʼ	5		◌t ◌ʃ ◌ʼ
tʃʼː	tʃʼː	1		◌t ◌ʃ ◌ʼ ◌ː
tʃː	tʃtʃ	1		◌t ◌ʃ ◌ː
tʃː	tʃː	6		◌t ◌ʃ ◌ː
tʃː	tːʃ	2		◌t ◌ʃ ◌ː
tʃ̺	tʃ̺	1		◌t ◌ʃ ◌̺
tʃ̺ʰ	tʃ̺ʰ	1		◌t ◌ʃ ◌̺ ◌ʰ
tʰ	tʰ	29		◌t ◌ʰ
tʰː	ttʰ	1		◌t ◌ʰ ◌ː
tʰː	tʰː	2		◌t ◌ʰ ◌ː
tʲ	tʲ	8		◌t ◌ʲ
tʲʷ	tʲʷ	1		◌t ◌ʲ ◌ʷ
tʲː	tʲː	1		◌t ◌ʲ ◌ː
tʷ	tʷ	2		◌t ◌ʷ
tʼ	t'	2		◌t ◌ʼ
tʼ	tʼ	2		◌t ◌ʼ
tʼ	tʼ	4		◌t ◌ʼ
tː	tt	1		◌t ◌ː
tː	tː	14		◌t ◌ː
tˠ	tˠ	1		◌t ◌ˠ
tˤ	tˤ	2		◌t ◌ˤ
tˤː	tˤː	1		◌t ◌ˤ ◌ː
t̪	t̪	18		◌t ◌̪
t̪ʰ	t̪ʰ	3		◌t ◌̪ ◌ʰ
t̪ʰː	t̪ʰː	2		◌t ◌̪ ◌ʰ ◌ː
t̪ʷ	t̪ʷ	2		◌t ◌̪ ◌ʷ
t̪ː	t̪:	1		◌t ◌̪ ◌ː
t̪ː	t̪ː	3		◌t ◌̪ ◌ː
t̪ˠ	t̪ˠ	1		◌t ◌̪ ◌ˠ
t̪ⁿ	ᵗ̪n̪	1		◌t ◌̪ ◌ⁿ
t̼	p̼	1		◌t ◌̼
tʼʷ	tʷʼ	1		◌t ◌ʼ ◌ʷ
tʼː	tʼː	1		◌t ◌ʼ ◌ː
tⁿ	ᵗn	1		◌t ◌ⁿ
tⁿʲ	tʲnʲ	1		◌t ◌ⁿ ◌ʲ
tⁿʷ	ᵗnʷ	1		◌t ◌ⁿ ◌ʷ
u	u	138		◌u
ua	ua	5		◌u ◌a
ue	ue	1		◌u ◌e
ui	ui	7		◌u ◌i
ui̯	ui̯	1		◌u ◌i ◌̯
ui̯	uj	2		◌u ◌i ◌̯
uo	uo	2		◌u ◌o
uɐ	uɐ	1		◌u ◌ɐ
uɑ	uɑ	1		◌u ◌ɑ
uə	uə	4		◌u ◌ə
uə̯	uə̯	1		◌u ◌ə ◌̯
uɪ	uɪ	3		◌u ◌ɪ
uː	uː	53		◌u ◌ː
uːi	uːi	1		◌u ◌ː ◌i
uːə	uːə	1		◌u ◌ː ◌ə
uːː	uːː	1		◌u ◌ː ◌ː
uˑ	uˑ	2		◌u ◌ˑ
uˤ	uˤ	2		◌u ◌ˤ
ũ	ũ	15		◌u ◌̃
ũi	ũi	1		◌u ◌̃ ◌i
ũː	ũː	2		◌u ◌̃ ◌ː
ũˤ	ũˤ	1		◌u ◌̃ ◌ˤ
u̙	u̙	1		◌u ◌̙
u̞	u̞	1		◌u ◌̞
u̞ː	u̞ː	1		◌u ◌̞ ◌ː
u̠	u̠	1		◌u ◌̠
ṳ	ṳ	2		◌u ◌̤
ṳː	ṳː	1		◌u ◌̤ ◌ː
ṳˑ	ṳˑ	1		◌u ◌̤ ◌ˑ
u̯a	wa	3		◌u ◌̯ ◌a
u̯e	we	3		◌u ◌̯ ◌e
u̯i	wi	3		◌u ◌̯ ◌i
u̯o	wo	2		◌u ◌̯ ◌o
u̯ɛ	wɛ	1		◌u ◌̯ ◌ɛ
u̯ʌ	wʌ	1		◌u ◌̯ ◌ʌ
u̯ː	uw	1		◌u ◌̯ ◌ː
ṵ	ṵ	3		◌u ◌̰
ṵ̃	ṵ̃	1		◌u ◌̰ ◌̃
v	v	72		◌v
vʲ	vʲ	3		◌v ◌ʲ
vʷ	vʷ	1		◌v ◌ʷ
vː	vː	2		◌v ◌ː
v̥	v̥	1		◌v ◌̥
v̩	v̩	1		◌v ◌̩
w	w	101		◌w
wʲ	wʲ	1		◌w ◌ʲ
wˀ	wʔ	1		◌w ◌ˀ
wː	wː	7		◌w ◌ː
w̃	w̃	2		◌w ◌̃
x	x	63		◌x
xʲ	xʲ	2		◌x ◌ʲ
xʷ	xʷ	7		◌x ◌ʷ
y	y	25		◌y
ya	ya	1		◌y ◌a
ye	ye	2		◌y ◌e
yi	yi	1		◌y ◌i
yo	yo	1		◌y ◌o
yɑ	yɑ	1		◌y ◌ɑ
yə	yə	1		◌y ◌ə
yə̯	yə̯	1		◌y ◌ə ◌̯
yː	yː	14		◌y ◌ː
yːə	yːə	1		◌y ◌ː ◌ə
yːː	yːː	1		◌y ◌ː ◌ː
yˑ	yˑ	1		◌y ◌ˑ
ỹ	ỹ	1		◌y ◌̃
z	z	96		◌z
zʲ	zʲ	3		◌z ◌ʲ
zʷ	zʷ	1		◌z ◌ʷ
zː	zː	6		◌z ◌ː
zˠ	zˠ	1		◌z ◌ˠ
zˤ	zˤ	1		◌z ◌ˤ
zˤː	zˤː	1		◌z ◌ˤ ◌ː
z̠	z̠	1		◌z ◌̠
z̥	z̥	1		◌z ◌̥
z̩	z̩	2		◌z ◌̩
z̪	z̪	1		◌z ◌̪
æ	æ	18		◌æ
æe	æe	2		◌æ ◌e
æi	æi	2		◌æ ◌i
æi̯	æi̯	1		◌æ ◌i ◌̯
æo	æo	2		◌æ ◌o
æu	æu	2		◌æ ◌u
æu̯	æu̯	1		◌æ ◌u ◌̯
æɔ	æɔ	1		◌æ ◌ɔ
æɪ	æɪ	1		◌æ ◌ɪ
æː	æː	5		◌æ ◌ː
æːɪ	æːɪ	1		◌æ ◌ː ◌ɪ
æːʊ	æːʊ	1		◌æ ◌ː ◌ʊ
æːː	æːː	1		◌æ ◌ː ◌ː
æˑ	æˑ	1		◌æ ◌ˑ
æˤː	æːˤ	1		◌æ ◌ˤ ◌ː
æ̃ː	æ̃ː	1		◌æ ◌̃ ◌ː
ð	ð	11		◌ð
ðˤ	ðˤ	2		◌ð ◌ˤ
ø	ø	13		◌ø
øe	øe	1		◌ø ◌e
øi	øi	1		◌ø ◌i
øy	øy	2		◌ø ◌y
øɑ	øɑ	1		◌ø ◌ɑ
øɪ	øɪ	1		◌ø ◌ɪ
øː	øː	14		◌ø ◌ː
øːː	øːː	1		◌ø ◌ː ◌ː
øˑ	øˑ	1		◌ø ◌ˑ
ħ	ħ	4		◌ħ
ŋ	ŋ	89		◌ŋ
ŋʲ	ŋʲ	1		◌ŋ ◌ʲ
ŋʷ	ŋʷ	5		◌ŋ ◌ʷ
ŋː	ŋ:	1		◌ŋ ◌ː
ŋː	ŋː	9		◌ŋ ◌ː
ŋˤ	ŋˤ	1		◌ŋ ◌ˤ
ŋ̊	ŋ̊	2		◌ŋ ◌̊
ŋ̊	ŋ̥	1		◌ŋ ◌̊
œ	œ	16		◌œ
œy	œy	4		◌œ ◌y
œyː	œyː	1		◌œ ◌y ◌ː
œʏ	œʏ	1		◌œ ◌ʏ
œː	œː	9		◌œ ◌ː
œ̃ː	œ̃ː	1		◌œ ◌̃ ◌ː
œ̞	œ̞	1		◌œ ◌̞
ǀ	ǀ	1		◌ǀ
ǀʰ	ǀʰ	1		◌ǀ ◌ʰ
ǀʼ	ǀʼ	1		◌ǀ ◌ʼ
ǁ	ǁ	1		◌ǁ
ǁʰ	ǁʰ	1		◌ǁ ◌ʰ
ǁʼ	ǁʼ	1		◌ǁ ◌ʼ
ǃ	ǃ	1		◌ǃ
ǃʰ	ǃʰ	1		◌ǃ ◌ʰ
ǃʼ	ǃʼ	1		◌ǃ ◌ʼ
ȵ	ȵ	1		◌ȵ
ɐ	ɐ	17		◌ɐ
ɐi	ɐi	4		◌ɐ ◌i
ɐu	ɐu	3		◌ɐ ◌u
ɐʉ	ɐʉ	1		◌ɐ ◌ʉ
ɐː	ɐː	3		◌ɐ ◌ː
ɐ̃	ɐ̃	4		◌ɐ ◌̃
ɐ̃i	ɐ̃i	1		◌ɐ ◌̃ ◌i
ɐ̃u	ɐ̃u	1		◌ɐ ◌̃ ◌u
ɐ̝	ɐ̝	1		◌ɐ ◌̝
ɐ̟	ɐ̟	1		◌ɐ ◌̟
ɐ̰	ɐ̰	1		◌ɐ ◌̰
ɑ	ɑ	24		◌ɑ
ɑe	ɑe	3		◌ɑ ◌e
ɑi	ɑi	1		◌ɑ ◌i
ɑo	ɑo	1		◌ɑ ◌o
ɑu	ɑu	1		◌ɑ ◌u
ɑuː	ɑuː	1		◌ɑ ◌u ◌ː
ɑɔ̯	ɑɔ̯	1		◌ɑ ◌ɔ ◌̯
ɑɪ	ɑɪ	1		◌ɑ ◌ɪ
ɑɯ	ɑɯ	1		◌ɑ ◌ɯ
ɑʊ	ɑʊ	1		◌ɑ ◌ʊ
ɑː	ɑː	10		◌ɑ ◌ː
ɑː	ɑːː	1		◌ɑ ◌ː
ɑˑ	ɑˑ	1		◌ɑ ◌ˑ
ɑˤː	ɑːˤ	1		◌ɑ ◌ˤ ◌ː
ɑ̃	ɑ̃	5		◌ɑ ◌̃
ɑ̃ː	ɑ̃ː	2		◌ɑ ◌̃ ◌ː
ɑ̰	ɑ̰	1		◌ɑ ◌̰
ɒ	ɒ	8		◌ɒ
ɒː	ɒː	3		◌ɒ ◌ː
ɓ	ɓ	13		◌ɓ
ɓʲ	ɓʲ	1		◌ɓ ◌ʲ
ɓː	ɓː	1		◌ɓ ◌ː
ɔ	ɔ	68		◌ɔ
ɔe̯	ɔe̯	1		◌ɔ ◌e ◌̯
ɔi	ɔi	4		◌ɔ ◌i
ɔo̯	ɔo̯	1		◌ɔ ◌o ◌̯
ɔu	ɔu	2		◌ɔ ◌u
ɔuː	ɔuː	1		◌ɔ ◌u ◌ː
ɔɛ̯	ɔɛ̯	1		◌ɔ ◌ɛ ◌̯
ɔɜ	ɔɜ	1		◌ɔ ◌ɜ
ɔɪ	ɔɪ	5		◌ɔ ◌ɪ
ɔː	ɔː	23		◌ɔ ◌ː
ɔːi	ɔːi	1		◌ɔ ◌ː ◌i
ɔːə	ɔːə	1		◌ɔ ◌ː ◌ə
ɔˑ	ɔˑ	2		◌ɔ ◌ˑ
ɔˤː	ɔːˤ	1		◌ɔ ◌ˤ ◌ː
ɔˤː	ɔˤː	1		◌ɔ ◌ˤ ◌ː
ɔ̃	ɔ̃	10		◌ɔ ◌̃
ɔ̃ː	ɔ̃ː	2		◌ɔ ◌̃ ◌ː
ɔ̤	ɔ̤	2		◌ɔ ◌̤
ɔ̤ː	ɔ̤ː	1		◌ɔ ◌̤ ◌ː
ɔ̤ˑ	ɔ̤ˑ	1		◌ɔ ◌̤ ◌ˑ
ɕ	ɕ	17		◌ɕ
ɕː	ɕː	3		◌ɕ ◌ː
ɖ	ɖ	11		◌ɖ
ɖʐ	dʐ	3		◌ɖ ◌ʐ
ɖʐ	ɖʐ	2		◌ɖ ◌ʐ
ɖʰ	ɖʰ	1		◌ɖ ◌ʰ
ɖʱ	ɖʱ	5		◌ɖ ◌ʱ
ɖʱː	ɖɖʱ	1		◌ɖ ◌ʱ ◌ː
ɖʱː	ɖʱː	1		◌ɖ ◌ʱ ◌ː
ɖʱː	ɖːʱ	1		◌ɖ ◌ʱ ◌ː
ɖʳ	ɖɽ	1		◌ɖ ◌ʳ
ɖː	ɖɖ	1		◌ɖ ◌ː
ɖː	ɖː	3		◌ɖ ◌ː
ɗ	ɗ	12		◌ɗ
ɗː	ɗː	1		◌ɗ ◌ː
ɘ	ɘ	3		◌ɘ
ɘ̃	ɘ̃	1		◌ɘ ◌̃
ə	ə	47		◌ə
əɪ	əɪ	1		◌ə ◌ɪ
əʉ	əʉ	1		◌ə ◌ʉ
əʊ	əʊ	4		◌ə ◌ʊ
ə˞	ɚ	2		◌ə ◌˞
ə̃	ə̃	4		◌ə ◌̃
ə̤	ə̤	1		◌ə ◌̤
ɛ	ɛ	78		◌ɛ
ɛe̯	ɛe̯	1		◌ɛ ◌e ◌̯
ɛi	ɛi	5		◌ɛ ◌i
ɛiː	ɛiː	1		◌ɛ ◌i ◌ː
ɛi̯	ɛj	1		◌ɛ ◌i ◌̯
ɛo̯	ɛo̯	1		◌ɛ ◌o ◌̯
ɛu	ɛu	4		◌ɛ ◌u
ɛə	ɛə	1		◌ɛ ◌ə
ɛɪ	ɛɪ	3		◌ɛ ◌ɪ
ɛː	ɛː	30		◌ɛ ◌ː
ɛːɒ̯ˤ	ɛːɒ̯ˤ	1		◌ɛ ◌ː ◌ɒ ◌̯ ◌ˤ
ɛːɒ̯ˤ	ɛːɒ̯ˤ;	1		◌ɛ ◌ː ◌ɒ ◌̯ ◌ˤ
ɛˑ	ɛˑ	2		◌ɛ ◌ˑ
ɛˠ	ɛˠ	1		◌ɛ ◌ˠ
ɛˠː	ɛˠː	1		◌ɛ ◌ˠ ◌ː
ɛ̃	ɛ̃	11		◌ɛ ◌̃
ɛ̃ː	ɛ̃ː	2		◌ɛ ◌̃ ◌ː
ɛ̤	ɛ̤	2		◌ɛ ◌̤
ɛ̤ː	ɛ̤ː	1		◌ɛ ◌̤ ◌ː
ɛ̤ˑ	ɛ̤ˑ	1		◌ɛ ◌̤ ◌ˑ
ɜ	ɜ	2		◌ɜ
ɜɪ	ɜɪ	1		◌ɜ ◌ɪ
ɜː	ɜː	1		◌ɜ ◌ː
ɞ	ɞ	1		◌ɞ
ɞʊ	ɞʊ	1		◌ɞ ◌ʊ
ɞʏ̯	ɞʏ̯	1		◌ɞ ◌ʏ ◌̯
ɟ	ɟ	21		◌ɟ
ɟʝ	dʝ	1		◌ɟ ◌ʝ
ɟʝ	ɟʝ	2		◌ɟ ◌ʝ
ɟʝː	ɟʝː	1		◌ɟ ◌ʝ ◌ː
ɟʱ	ɟʱ	1		◌ɟ ◌ʱ
ɠ	ɠ	3		◌ɠ
ɠɓ	ɠɓ	1		◌ɠ ◌ɓ
ɢ	ɢ	1		◌ɢ
ɣ	ɣ	36		◌ɣ
ɣʷ	ɣʷ	2		◌ɣ ◌ʷ
ɣ̊	ɣ̊	1		◌ɣ ◌̊
ɤ	ɤ	7		◌ɤ
ɤe	ɤe	1		◌ɤ ◌e
ɤi	ɤi	1		◌ɤ ◌i
ɤo	ɤo	1		◌ɤ ◌o
ɤu	ɤu	1		◌ɤ ◌u
ɤɑ	ɤɑ	1		◌ɤ ◌ɑ
ɤː	ɤː	2		◌ɤ ◌ː
ɤː	ɤːː	1		◌ɤ ◌ː
ɤˑ	ɤˑ	1		◌ɤ ◌ˑ
ɥ	ɥ	2		◌ɥ
ɦ	ɦ	17		◌ɦ
ɧ	ɧ	1		◌ɧ
ɨ	ɨ	11		◌ɨ
ɨː	ɨː	2		◌ɨ ◌ː
ɨˤ	ɨˤ	1		◌ɨ ◌ˤ
ɨ̃	ɨ̃	1		◌ɨ ◌̃
ɨ̞	ɨ̞	1		◌ɨ ◌̞
ɪ	ɪ	41		◌ɪ
ɪi	ɪi	1		◌ɪ ◌i
ɪə	ɪə	3		◌ɪ ◌ə
ɪː	ɪː	3		◌ɪ ◌ː
ɪːɒ̯ˤ	ɪːɒ̯ˤ	1		◌ɪ ◌ː ◌ɒ ◌̯ ◌ˤ
ɪˑ	ɪˑ	1		◌ɪ ◌ˑ
ɪˠ	ɪˠ	1		◌ɪ ◌ˠ
ɪ̃	ɪ̃	5		◌ɪ ◌̃
ɪ̯a	ɪ̯a	1		◌ɪ ◌̯ ◌a
ɪ̯u̞	ɪ̯u̞	1		◌ɪ ◌̯ ◌u ◌̞
ɪ̯ɛ	ɪ̯ɛ	1		◌ɪ ◌̯ ◌ɛ
ɪ̽	ɪ̽	1		◌ɪ ◌̽
ɬ	ɬ	15		◌ɬ
ɬː	ɬː	1		◌ɬ ◌ː
ɭ	ɭ	6		◌ɭ
ɭʷ	ɭʷ	1		◌ɭ ◌ʷ
ɭː	ɭɭ	1		◌ɭ ◌ː
ɭː	ɭː	1		◌ɭ ◌ː
ɮ	lʒ	1		◌ɮ
ɮ	ɮ	1		◌ɮ
ɯ	ɯ	14		◌ɯ
ɯa	ɯa	1		◌ɯ ◌a
ɯi	ɯi	1		◌ɯ ◌i
ɯə	ɯə	1		◌ɯ ◌ə
ɯː	ɯː	3		◌ɯ ◌ː
ɯ̃	ɯ̃	3		◌ɯ ◌̃
ɯ̤	ɯ̤	1		◌ɯ ◌̤
ɰ	ɰ	3		◌ɰ
ɲ	ɲ	68		◌ɲ
ɲː	ɲː	6		◌ɲ ◌ː
ɲ̊	ɲ̊	1		◌ɲ ◌̊
ɲ̊	ɲ̥	2		◌ɲ ◌̊
ɳ	ɳ	10		◌ɳ
ɳʱ	ɳʱ	1		◌ɳ ◌ʱ
ɳʷ	ɳʷ	1		◌ɳ ◌ʷ
ɳː	ɳː	1		◌ɳ ◌ː
ɴ	ɴ	1		◌ɴ
ɵ	ɵ	5		◌ɵ
ɵy	ɵy	1		◌ɵ ◌y
ɵː	ɵː	3		◌ɵ ◌ː
ɶ	ɶ	1		◌ɶ
ɸ	ɸ	3		◌ɸ
ɹ	ɹ	15		◌ɹ
ɹˀ	ɹʔ	1		◌ɹ ◌ˀ
ɹː	ɹː	1		◌ɹ ◌ː
ɹ̩	ɹ̩	4		◌ɹ ◌̩
ɹ̪	ð̞	1		◌ɹ ◌̪
ɹ̺	ɹ̺	1		◌ɹ ◌̺
ɺ	ɺ	1		◌ɺ
ɺʲ	ɺʲ	1		◌ɺ ◌ʲ
ɺʷ	ɺʷ	1		◌ɺ ◌ʷ
ɻ	ɻ	7		◌ɻ
ɻʷ	ɻʷ	1		◌ɻ ◌ʷ
ɽ	ɽ	8		◌ɽ
ɽʱ	ɽʱ	2		◌ɽ ◌ʱ
ɾ	ɾ	40		◌ɾ
ɾʲ	ɾʲ	1		◌ɾ ◌ʲ
ɾʷ	ɾʷ	1		◌ɾ ◌ʷ
ɾː	ɾː	1		◌ɾ ◌ː
ɾˠ	ɾˠ	1		◌ɾ ◌ˠ
ɾ̥	ɾ̥	1		◌ɾ ◌̥
ʀ	ʀ	6		◌ʀ
ʀʲ	ʀʲ	1		◌ʀ ◌ʲ
ʁ	ʁ	14		◌ʁ
ʁʷ	ʁʷ	1		◌ʁ ◌ʷ
ʁʷː	ʁʷː	1		◌ʁ ◌ʷ ◌ː
ʁː	ʁː	1		◌ʁ ◌ː
ʁ̞	ʁ̞	1		◌ʁ ◌̞
ʂ	ʂ	11		◌ʂ
ʃ	ʃ	99		◌ʃ
ʃʰ	ʃʰ	1		◌ʃ ◌ʰ
ʃʲː	ʃʲː	1		◌ʃ ◌ʲ ◌ː
ʃː	ʃː	8		◌ʃ ◌ː
ʃˤ	ʃˤ	1		◌ʃ ◌ˤ
ʃ̺	ʃ̺	1		◌ʃ ◌̺
ʄ	ʄ	2		◌ʄ
ʈ	ʈ	13		◌ʈ
ʈʂ	tʂ	5		◌ʈ ◌ʂ
ʈʂ	ʈʂ	5		◌ʈ ◌ʂ
ʈʂʰ	tʂʰ	3		◌ʈ ◌ʂ ◌ʰ
ʈʂʰ	ʈʂʰ	1		◌ʈ ◌ʂ ◌ʰ
ʈʂː	ʈʂː	1		◌ʈ ◌ʂ ◌ː
ʈʰ	ʈʰ	6		◌ʈ ◌ʰ
ʈʰː	ʈʈʰ	1		◌ʈ ◌ʰ ◌ː
ʈʲʰː	ʈʰː	2		◌ʈ ◌ʲ ◌ʰ ◌ː
ʈʳ	ʈɽ	1		◌ʈ ◌ʳ
ʈʳʰ	ʈɽʰ	1		◌ʈ ◌ʳ ◌ʰ
ʈʷ	ʈʷ	1		◌ʈ ◌ʷ
ʈː	ʈʈ	1		◌ʈ ◌ː
ʈː	ʈː	3		◌ʈ ◌ː
ʈⁿ	ʈɳ	1		◌ʈ ◌ⁿ
ʈⁿʷ	ʈɳʷ	1		◌ʈ ◌ⁿ ◌ʷ
ʉ	ʉ	3		◌ʉ
ʉə	ʉə	1		◌ʉ ◌ə
ʉː	ʉː	4		◌ʉ ◌ː
ʉ̟	ʉ̟	1		◌ʉ ◌̟
ʊ	ʊ	34		◌ʊ
ʊə	ʊə	1		◌ʊ ◌ə
ʊː	ʊː	2		◌ʊ ◌ː
ʊːɒ̯ˤ	ʊːɒ̯ˤ	1		◌ʊ ◌ː ◌ɒ ◌̯ ◌ˤ
ʊˑ	ʊˑ	1		◌ʊ ◌ˑ
ʊˤː	ʊˤː	1		◌ʊ ◌ˤ ◌ː
ʊ̃	ʊ̃	5		◌ʊ ◌̃
ʊ̯ɔ	ʊ̯ɔ	1		◌ʊ ◌̯ ◌ɔ
ʊ̽	ʊ̽	1		◌ʊ ◌̽
ʋ	ʋ	13		◌ʋ
ʋː	ʋʋ	1		◌ʋ ◌ː
ʋː	ʋː	1		◌ʋ ◌ː
ʌ	ʌ	12		◌ʌ
ʌi	ʌi	2		◌ʌ ◌i
ʌu	ʌu	2		◌ʌ ◌u
ʌː	ʌː	4		◌ʌ ◌ː
ʌˑ	ʌˑ	1		◌ʌ ◌ˑ
ʌˤː	ʌˤː	1		◌ʌ ◌ˤ ◌ː
ʌ̃	ʌ̃	1		◌ʌ ◌̃
ʍ	ʍ	2		◌ʍ
ʎ	ʎ	22		◌ʎ
ʎ̥	ʎ̥	2		◌ʎ ◌̥
ʏ	ʏ	10		◌ʏ
ʐ	ʐ	7		◌ʐ
ʑ	ʑ	10		◌ʑ
ʒ	ʒ	63		◌ʒ
ʒː	ʒː	3		◌ʒ ◌ː
ʒˤ	ʒˤ	1		◌ʒ ◌ˤ
ʒˤː	ʒˤː	1		◌ʒ ◌ˤ ◌ː
ʒ̊	ʒ̊	1		◌ʒ ◌̊
ʔ	ʔ	49		◌ʔ
ʔʲ	ʔj	3		◌ʔ ◌ʲ
ʔʲ	ʔj̰	1		◌ʔ ◌ʲ
ʔʲ	ʔʲ	2		◌ʔ ◌ʲ
ʔʲː	ʔʲː	1		◌ʔ ◌ʲ ◌ː
ʔʷ	ʔw	1		◌ʔ ◌ʷ
ʔʷ	ʔʷ	1		◌ʔ ◌ʷ
ʔʷː	ʔʷː	1		◌ʔ ◌ʷ ◌ː
ʔː	ʔ:	1		◌ʔ ◌ː
ʔ̰ʷ	ʔw̰	1		◌ʔ ◌̰ ◌ʷ
ʕ	ʕ	4		◌ʕ
ʕʷ	ʕʷ	1		◌ʕ ◌ʷ
ʕʷˀ	ʕʷʔ	1		◌ʕ ◌ʷ ◌ˀ
ʕˀ	ʕʔ	1		◌ʕ ◌ˀ
ʕː	ʕː	1		◌ʕ ◌ː
ʙ	ʙ	1		◌ʙ
ʙ̥	ʙ̥	1		◌ʙ ◌̥
ʜ	ʜ	1		◌ʜ
ʜː	ʜː	1		◌ʜ ◌ː
ʝ	ʝ	2		◌ʝ
ʝ̞	ʝ̞	1		◌ʝ ◌̞
ˀb	ʔb	1		◌ˀ ◌b
ˀd	ʔd	1		◌ˀ ◌d
ˀj	ˀj	1		◌ˀ ◌j
ˀl	ʔl	1		◌ˀ ◌l
ˀl	ˀl	1		◌ˀ ◌l
ˀm	ʔm	2		◌ˀ ◌m
ˀm	ˀm	1		◌ˀ ◌m
ˀn	ʔn	2		◌ˀ ◌n
ˀn	ˀn	1		◌ˀ ◌n
ˀr	ʔr	1		◌ˀ ◌r
ˀr̥	ʔr̥	1		◌ˀ ◌r ◌̥
ˀw	ˀw	1		◌ˀ ◌w
ˀβ	ʔβ	1		◌ˀ ◌β
ˀⁿd	ʔnd	1		◌ˀ ◌ⁿ ◌d
ˀⁿg	ʔŋg	1		◌ˀ ◌ⁿ ◌g
β	β	7		◌β
βʲ	βʲ	1		◌β ◌ʲ
βʷ	βʷ	2		◌β ◌ʷ
βː	βː	1		◌β ◌ː
β̞	β̞	5		◌β ◌̞
θ	θ	15		◌θ
χ	χ	18		◌χ
χʷ	χʷ	5		◌χ ◌ʷ
χʷː	χʷː	1		◌χ ◌ʷ ◌ː
χː	χː	1		◌χ ◌ː
ⁿb	Nb	2		◌ⁿ ◌b
ⁿb	mb	10		◌ⁿ ◌b
ⁿb	ⁿb	1		◌ⁿ ◌b
ⁿbʲ	mbʲ	1		◌ⁿ ◌b ◌ʲ
ⁿbʷ	mbʷ	2		◌ⁿ ◌b ◌ʷ
ⁿc	ɲc	1		◌ⁿ ◌c
ⁿd	Nd	2		◌ⁿ ◌d
ⁿd	nd	10		◌ⁿ ◌d
ⁿd	ⁿd	3		◌ⁿ ◌d
ⁿdz	Ndz	1		◌ⁿ ◌d ◌z
ⁿdz	ndz	1		◌ⁿ ◌d ◌z
ⁿdz̪	Nd̪z̪	1		◌ⁿ ◌d ◌z ◌̪
ⁿdz̻	Nd̻z̻	1		◌ⁿ ◌d ◌z ◌̻
ⁿdʑ	Ndʑ	2		◌ⁿ ◌d ◌ʑ
ⁿdʑ	ndʑ	1		◌ⁿ ◌d ◌ʑ
ⁿdʒ	ndʒ	2		◌ⁿ ◌d ◌ʒ
ⁿdʒ	ɲdʒ	1		◌ⁿ ◌d ◌ʒ
ⁿdʒ	ⁿdʒ	2		◌ⁿ ◌d ◌ʒ
ⁿdʲ	ndʲ	1		◌ⁿ ◌d ◌ʲ
ⁿdʷ	ndʷ	1		◌ⁿ ◌d ◌ʷ
ⁿd̪	n̪d̪	1		◌ⁿ ◌d ◌̪
ⁿd̪ʲ	n̪d̪ʲ	1		◌ⁿ ◌d ◌̪ ◌ʲ
ⁿd̪ʷ	n̪d̪ʷ	1		◌ⁿ ◌d ◌̪ ◌ʷ
ⁿf	mf	1		◌ⁿ ◌f
ⁿf	ɱf	1		◌ⁿ ◌f
ⁿg	Ng	2		◌ⁿ ◌g
ⁿg	ng	1		◌ⁿ ◌g
ⁿg	ŋg	10		◌ⁿ ◌g
ⁿg	ⁿg	1		◌ⁿ ◌g
ⁿgb	ŋgb	1		◌ⁿ ◌g ◌b
ⁿgb	ɴgb	1		◌ⁿ ◌g ◌b
ⁿgʷ	ŋgʷ	4		◌ⁿ ◌g ◌ʷ
ⁿk	ŋk	3		◌ⁿ ◌k
ⁿkʰ	Nkʰ	1		◌ⁿ ◌k ◌ʰ
ⁿkʷ	ŋkʷ	1		◌ⁿ ◌k ◌ʷ
ⁿp	mp	3		◌ⁿ ◌p
ⁿpʰ	Npʰ	1		◌ⁿ ◌p ◌ʰ
ⁿpʲ	mpʲ	1		◌ⁿ ◌p ◌ʲ
ⁿpʷ	mpʷ	1		◌ⁿ ◌p ◌ʷ
ⁿs	ns	3		◌ⁿ ◌s
ⁿsʷ	nsʷ	1		◌ⁿ ◌s ◌ʷ
ⁿt	nt	3		◌ⁿ ◌t
ⁿts̪ʰ	Nt̪s̪ʰ	1		◌ⁿ ◌t ◌s ◌̪ ◌ʰ
ⁿts̻ʰ	Nt̻s̻ʰ	1		◌ⁿ ◌t ◌s ◌̻ ◌ʰ
ⁿtɕʰ	Ntɕʰ	1		◌ⁿ ◌t ◌ɕ ◌ʰ
ⁿtʃ	ntʃ	1		◌ⁿ ◌t ◌ʃ
ⁿtʰ	Ntʰ	1		◌ⁿ ◌t ◌ʰ
ⁿtʲ	ntʲ	1		◌ⁿ ◌t ◌ʲ
ⁿtʷ	ntʷ	1		◌ⁿ ◌t ◌ʷ
ⁿt̪	n̪t̪	1		◌ⁿ ◌t ◌̪
ⁿv	ɱv	1		◌ⁿ ◌v
ⁿvʷ	ɱvʷ	1		◌ⁿ ◌v ◌ʷ
ⁿz	nz	1		◌ⁿ ◌z
ⁿzʷ	nzʷ	1		◌ⁿ ◌z ◌ʷ
ⁿǀ	ⁿǀ	1		◌ⁿ ◌ǀ
ⁿǁ	ⁿǁ	1		◌ⁿ ◌ǁ
ⁿǃ	ⁿǃ	1		◌ⁿ ◌ǃ
ⁿɖʐ	Ndʐ	1		◌ⁿ ◌ɖ ◌ʐ
ⁿɖʐ	ndʐ	1		◌ⁿ ◌ɖ ◌ʐ
ⁿɖʳ	Nɖɽ	1		◌ⁿ ◌ɖ ◌ʳ
ⁿɟ	ɲɟ	1		◌ⁿ ◌ɟ
ⁿɟ	ⁿɟ	1		◌ⁿ ◌ɟ
ⁿʃ	nʃ	1		◌ⁿ ◌ʃ
ⁿʈʳʰ	Nʈɽʰ	1		◌ⁿ ◌ʈ ◌ʳ ◌ʰ
ⱱ	ⱱ	1		◌ⱱ
ⱱ̟	w̆	1		◌ⱱ ◌̟
ⱱ̟	ⱱ̟	1		◌ⱱ ◌̟
