{
    "@context": "http://www.w3.org/ns/csvw",
    "aboutUrl": null,
    "dc:bibliographicCitation": "Dellert, J., Daneyko, T., M\u00fcnch, A. et al (2020). NorthEuraLex (Version 0.9). Lang Resources and Evaluation. https://doi.org/10.1007/s10579-019-09480-6",
    "dc:conformsTo": "http://cldf.clld.org/v1.0/terms.rdf#Wordlist",
    "dc:format": [
        "http://concepticon.clld.org/contributions/Dellert-2017-1016"
    ],
    "dc:identifier": "http://www.northeuralex.org",
    "dc:isVersionOf": null,
    "dc:license": "https://creativecommons.org/licenses/by/4.0/",
    "dc:related": null,
    "dc:source": "sources.bib",
    "dc:title": "CLDF dataset derived from Dellert et al.'s \"NorthEuraLex (Version 0.9)\" from 2020",
    "dcat:accessURL": "https://github.com/lexibank/northeuralex",
    "prov:wasDerivedFrom": [
        {
            "rdf:about": "https://github.com/lexibank/northeuralex",
            "rdf:type": "prov:Entity",
            "dc:created": "v3.0-11-g7ae42d1",
            "dc:title": "Repository"
        },
        {
            "rdf:about": "https://github.com/glottolog/glottolog",
            "rdf:type": "prov:Entity",
            "dc:created": "v4.4",
            "dc:title": "Glottolog"
        },
        {
            "rdf:about": "https://github.com/concepticon/concepticon-data",
            "rdf:type": "prov:Entity",
            "dc:created": "v2.5.0",
            "dc:title": "Concepticon"
        },
        {
            "rdf:about": "https://github.com/cldf-clts/clts",
            "rdf:type": "prov:Entity",
            "dc:created": "v2.1.0",
            "dc:title": "CLTS"
        }
    ],
    "prov:wasGeneratedBy": [
        {
            "dc:title": "lingpy-rcParams",
            "dc:relation": "lingpy-rcParams.json"
        },
        {
            "dc:title": "python",
            "dc:description": "3.8.10"
        },
        {
            "dc:title": "python-packages",
            "dc:relation": "requirements.txt"
        }
    ],
    "rdf:ID": "northeuralex",
    "rdf:type": "http://www.w3.org/ns/dcat#Distribution",
    "dialect": {
        "commentPrefix": null
    },
    "tables": [
        {
            "dc:conformsTo": "http://cldf.clld.org/v1.0/terms.rdf#FormTable",
            "dc:extent": 121612,
            "tableSchema": {
                "columns": [
                    {
                        "datatype": "string",
                        "propertyUrl": "http://cldf.clld.org/v1.0/terms.rdf#id",
                        "required": true,
                        "name": "ID"
                    },
                    {
                        "datatype": "string",
                        "propertyUrl": "http://purl.org/dc/terms/identifier",
                        "name": "Local_ID"
                    },
                    {
                        "datatype": "string",
                        "propertyUrl": "http://cldf.clld.org/v1.0/terms.rdf#languageReference",
                        "name": "Language_ID"
                    },
                    {
                        "datatype": "string",
                        "propertyUrl": "http://cldf.clld.org/v1.0/terms.rdf#parameterReference",
                        "name": "Parameter_ID",
                        "titles": "Concept_ID"
                    },
                    {
                        "datatype": "string",
                        "propertyUrl": "http://cldf.clld.org/v1.0/terms.rdf#value",
                        "required": true,
                        "name": "Value"
                    },
                    {
                        "datatype": "string",
                        "propertyUrl": "http://cldf.clld.org/v1.0/terms.rdf#form",
                        "required": true,
                        "name": "Form"
                    },
                    {
                        "datatype": "string",
                        "propertyUrl": "http://cldf.clld.org/v1.0/terms.rdf#segments",
                        "separator": " ",
                        "name": "Segments"
                    },
                    {
                        "datatype": "string",
                        "propertyUrl": "http://cldf.clld.org/v1.0/terms.rdf#comment",
                        "name": "Comment"
                    },
                    {
                        "datatype": "string",
                        "propertyUrl": "http://cldf.clld.org/v1.0/terms.rdf#source",
                        "separator": ";",
                        "name": "Source"
                    },
                    {
                        "datatype": "string",
                        "name": "Cognacy"
                    },
                    {
                        "datatype": "boolean",
                        "name": "Loan"
                    },
                    {
                        "datatype": "string",
                        "name": "Graphemes"
                    },
                    {
                        "datatype": "string",
                        "name": "Profile"
                    },
                    {
                        "datatype": "string",
                        "name": "Orthography"
                    }
                ],
                "foreignKeys": [
                    {
                        "columnReference": [
                            "Language_ID"
                        ],
                        "reference": {
                            "resource": "languages.csv",
                            "columnReference": [
                                "ID"
                            ]
                        }
                    },
                    {
                        "columnReference": [
                            "Parameter_ID"
                        ],
                        "reference": {
                            "resource": "parameters.csv",
                            "columnReference": [
                                "ID"
                            ]
                        }
                    }
                ],
                "primaryKey": [
                    "ID"
                ]
            },
            "url": "forms.csv"
        },
        {
            "dc:conformsTo": "http://cldf.clld.org/v1.0/terms.rdf#LanguageTable",
            "dc:extent": 107,
            "tableSchema": {
                "columns": [
                    {
                        "datatype": "string",
                        "propertyUrl": "http://cldf.clld.org/v1.0/terms.rdf#id",
                        "name": "ID"
                    },
                    {
                        "datatype": "string",
                        "propertyUrl": "http://cldf.clld.org/v1.0/terms.rdf#name",
                        "name": "Name"
                    },
                    {
                        "datatype": "string",
                        "propertyUrl": "http://cldf.clld.org/v1.0/terms.rdf#glottocode",
                        "valueUrl": "http://glottolog.org/resource/languoid/id/{glottolog_id}",
                        "name": "Glottocode"
                    },
                    {
                        "datatype": "string",
                        "name": "Glottolog_Name"
                    },
                    {
                        "datatype": "string",
                        "propertyUrl": "http://cldf.clld.org/v1.0/terms.rdf#iso639P3code",
                        "name": "ISO639P3code"
                    },
                    {
                        "datatype": "string",
                        "propertyUrl": "http://cldf.clld.org/v1.0/terms.rdf#macroarea",
                        "name": "Macroarea"
                    },
                    {
                        "datatype": {
                            "base": "decimal",
                            "minimum": "-90",
                            "maximum": "90"
                        },
                        "propertyUrl": "http://cldf.clld.org/v1.0/terms.rdf#latitude",
                        "required": false,
                        "name": "Latitude"
                    },
                    {
                        "datatype": {
                            "base": "decimal",
                            "minimum": "-180",
                            "maximum": "180"
                        },
                        "propertyUrl": "http://cldf.clld.org/v1.0/terms.rdf#longitude",
                        "required": false,
                        "name": "Longitude"
                    },
                    {
                        "datatype": "string",
                        "name": "Family"
                    },
                    {
                        "datatype": "string",
                        "name": "Subfamily"
                    }
                ],
                "primaryKey": [
                    "ID"
                ]
            },
            "url": "languages.csv"
        },
        {
            "dc:conformsTo": "http://cldf.clld.org/v1.0/terms.rdf#ParameterTable",
            "dc:extent": 1016,
            "tableSchema": {
                "columns": [
                    {
                        "datatype": "string",
                        "propertyUrl": "http://cldf.clld.org/v1.0/terms.rdf#id",
                        "name": "ID"
                    },
                    {
                        "datatype": "string",
                        "propertyUrl": "http://cldf.clld.org/v1.0/terms.rdf#name",
                        "name": "Name"
                    },
                    {
                        "datatype": "string",
                        "propertyUrl": "http://cldf.clld.org/v1.0/terms.rdf#concepticonReference",
                        "valueUrl": "http://concepticon.clld.org/parameters/{concepticon_id}",
                        "name": "Concepticon_ID"
                    },
                    {
                        "datatype": "string",
                        "name": "Concepticon_Gloss"
                    },
                    {
                        "datatype": "string",
                        "name": "NorthEuralex_Gloss"
                    }
                ],
                "primaryKey": [
                    "ID"
                ]
            },
            "url": "parameters.csv"
        }
    ]
}