BIPA	GRAPHEME	COUNT	SYMBOLS
<NA>	-	1	
<NA>	NA	14	
<NA>	W	1	
<NA>	aɰ	2	
<NA>	creak	1	
<NA>	c͇	1	
<NA>	dr	3	
<NA>	dy	1	
<NA>	dʝ	1	
<NA>	h1	1	
<NA>	h2	1	
<NA>	h3	1	
<NA>	hy	1	
<NA>	khr	1	
<NA>	kr	1	
<NA>	ky	1	
<NA>	ly	1	
<NA>	lɻ	1	
<NA>	ndr	1	
<NA>	pr	1	
<NA>	rd	1	
<NA>	rdy	1	
<NA>	re	1	
<NA>	ri	1	
<NA>	riu	1	
<NA>	ro	1	
<NA>	ru	1	
<NA>	ræ	1	
<NA>	rɑ	1	
<NA>	rɡ	1	
<NA>	t2	1	
<NA>	tr	1	
<NA>	ty	1	
<NA>	tç	1	
<NA>	t​ʰ​	1	
<NA>	wE	1	
<NA>	waj	1	
<NA>	waːj	1	
<NA>	wo	1	
<NA>	wæ	1	
<NA>	wõ	1	
<NA>	wɑ	1	
<NA>	wəj	1	
<NA>	ħh	1	
<NA>	ř	1	
<NA>	ǁʼ	1	
<NA>	ǂ͇	1	
<NA>	ɟʑ	1	
<NA>	ɤɰ	2	
k	K	1	◌k
l	L	3	◌l
n	N	1	◌n
r	R	4	◌r
a	a	178	◌a
ae	ae	1	◌a ◌e
ai	ai	10	◌a ◌i
ai̯	aj	2	◌a ◌i ◌̯
au	au	7	◌a ◌u
au̯	aw	2	◌a ◌u ◌̯
aɯ	aɯ	1	◌a ◌ɯ
aː	aː	83	◌a ◌ː
aːi	aːi	1	◌a ◌ː ◌i
aːi̯	aːj	1	◌a ◌ː ◌i ◌̯
aːu	aːu	1	◌a ◌ː ◌u
aːu̯	aːw	1	◌a ◌ː ◌u ◌̯
aˑ	aˑ	2	◌a ◌ˑ
ã	ã	9	◌a ◌̃
ãː	ãː	2	◌a ◌̃ ◌ː
ã̘	ã̘	1	◌a ◌̘ ◌̃
a̘	a̘	3	◌a ◌̘
a̟	a̟	9	◌a ◌̟
a̟ː	a̟ː	2	◌a ◌̟ ◌ː
a̤	a̤	1	◌a ◌̤
ḁ	ḁ	1	◌a ◌̥
a̰	a̰	1	◌a ◌̰
a̰ː	a̰ː	1	◌a ◌̰ ◌ː
b	b	142	◌b
bʰ	bʰ	3	◌b ◌ʰ
bʲ	bʲ	1	◌b ◌ʲ
bʷ	bʷ	1	◌b ◌ʷ
bː	bː	6	◌b ◌ː
bʱʰ	b̤ʰ	1	◌b ◌ʱ ◌ʰ
b̥	b̥	1	◌b ◌̥
c	c	65	◌c
cç	cç	2	◌c ◌c ◌̧
cçʰ	cçʰ	1	◌c ◌c ◌̧ ◌ʰ
cçʼ	cçʼ	1	◌c ◌c ◌̧ ◌’
tɕ	cɕ	1	◌t ◌ɕ
cʰ	cʰ	8	◌c ◌ʰ
cʼ	cʼ	11	◌c ◌ʼ
cˀ	cˀ	4	◌c ◌ˀ
cː	cː	1	◌c ◌ː
c̟	c̟	1	◌c ◌̟
c̟ʰ	c̟ʰ	1	◌c ◌̟ ◌ʰ
c̟ʼ	c̟ʼ	1	◌c ◌̟ ◌’
cç	c͡ç	1	◌c ◌c ◌̧
cʼ	c’	1	◌c ◌ʼ
d	d	142	◌d
dz	dz	26	◌d ◌z
dzʲ	dzʲ	1	◌d ◌z ◌ʲ
dz̪	dz̪	2	◌d ◌z ◌̪
dɮ	dɮ	3	◌d ◌ɮ
ɖʐ	dʐ	1	◌ɖ ◌ʐ
dʑ	dʑ	3	◌d ◌ʑ
dʒ	dʓ	6	◌d ◌ʒ
dʒʱ	dʓʱ	1	◌d ◌ʒ ◌ʱ
dʰ	dʰ	4	◌d ◌ʰ
dʲ	dʲ	4	◌d ◌ʲ
dʼ	dʼ	1	◌d ◌’
dː	dː	5	◌d ◌ː
dˤ	dˤ	1	◌d ◌ˤ
dʒ	d̠ʒ	13	◌d ◌ʒ
dʒʷ	d̠ʒʷ	1	◌d ◌ʒ ◌ʷ
d̠ʲ	d̠ʲ	1	◌d ◌̠ ◌ʲ
dʱʰ	d̤ʰ	1	◌d ◌ʱ ◌ʰ
d̥	d̥	1	◌d ◌̥
d̪	d̪	3	◌d ◌̪
dð	d̪ð̪	1	◌d ◌ð
d̪ː	d̪ː	1	◌d ◌̪ ◌ː
d̪ˤ	d̪ˤ	1	◌d ◌̪ ◌ˤ
d̪ˤː	d̪ˤː	1	◌d ◌̪ ◌ˤ ◌ː
dz	d͡z	4	◌d ◌z
dzʲ	d͡zʲ	1	◌d ◌z ◌ʲ
dɮ	d͡ɮ	1	◌d ◌ɮ
ɖʐ	d͡ʐ	2	◌ɖ ◌ʐ
dʒ	d͡ʒ	3	◌d ◌ʒ
e	e	151	◌e
ea	ea	2	◌e ◌a
ei	ei	5	◌e ◌i
ei̯	ej	1	◌e ◌i ◌̯
eu	eu	4	◌e ◌u
eu̯	ew	2	◌e ◌u ◌̯
eː	eː	78	◌e ◌ː
eˑ	eˑ	1	◌e ◌ˑ
ẽ	ẽ	8	◌e ◌̃
ẽː	ẽː	1	◌e ◌̃ ◌ː
ĕ	ĕ	1	◌e ◌̆
e̘	e̘	4	◌e ◌̘
e̤	e̤	1	◌e ◌̤
e̥	e̥	2	◌e ◌̥
f	f	41	◌f
fː	fː	4	◌f ◌ː
g	g	20	◌g
gʷː	gʷː	1	◌g ◌ʷ ◌ː
gː	gː	4	◌g ◌ː
h	h	130	◌h
ʰk	hk	1	◌ʰ ◌k
ʰl	hl	1	◌ʰ ◌l
ʰm	hm	2	◌ʰ ◌m
ʰn	hn	2	◌ʰ ◌n
ʰp	hp	1	◌ʰ ◌p
ʰr	hr	1	◌ʰ ◌r
ʰt	ht	1	◌ʰ ◌t
ʰts	hts	1	◌ʰ ◌t ◌s
ʰtɕ	htɕ	1	◌ʰ ◌t ◌ɕ
ʰʈʂ	htʂ	1	◌ʰ ◌ʈ ◌ʂ
ʰtʃ	ht̠ʃ	1	◌ʰ ◌t ◌ʃ
ʰw	hw	1	◌ʰ ◌w
ʰŋ	hŋ	2	◌ʰ ◌ŋ
hʷ	hʷ	5	◌h ◌ʷ
hˀ	hˀ	1	◌h ◌ˀ
hː	hː	4	◌h ◌ː
i	i	210	◌i
ia	ia	4	◌i ◌a
ie	ie	4	◌i ◌e
iu	iu	2	◌i ◌u
iə	iə	7	◌i ◌ə
iɛ	iɛ	4	◌i ◌ɛ
iː	iː	103	◌i ◌ː
iˑ	iˑ	2	◌i ◌ˑ
ĩ	ĩ	10	◌i ◌̃
ĩː	ĩː	1	◌i ◌̃ ◌ː
i̘	i̘	4	◌i ◌̘
ĩ̘	ĩ̘	1	◌i ◌̘ ◌̃
i̝	i̝	3	◌i ◌̝
i̤	i̤	1	◌i ◌̤
i̥	i̥	2	◌i ◌̥
j	j	213	◌j
i̯a	ja	1	◌i ◌̯ ◌a
i̯e	je	1	◌i ◌̯ ◌e
jʼ	jʼ	6	◌j ◌’
jˀ	jˀ	4	◌j ◌ˀ
jː	jː	8	◌j ◌ː
j̊	j̥	3	◌j ◌̊
i̯ẽ	jẽ	1	◌i ◌̯ ◌e ◌̃
k	k	233	◌k
kʰ	kh	1	◌k ◌ʰ
kˡʰ	khl	1	◌k ◌ˡ ◌ʰ
kː	kk	1	◌k ◌ː
kˡ	kl	1	◌k ◌ˡ
kp	kp	9	◌k ◌p
kpʰ	kpʰ	1	◌k ◌p ◌ʰ
kxʼ	kxʼ	1	◌k ◌x ◌’
kʰ	kʰ	40	◌k ◌ʰ
kʷʰ	kʰʷ	1	◌k ◌ʷ ◌ʰ
kʲ	kʲ	5	◌k ◌ʲ
kʲʰ	kʲʰ	1	◌k ◌ʲ ◌ʰ
kʲʷ	kʲʷ	1	◌k ◌ʲ ◌ʷ
kʼʲ	kʲʼ	1	◌k ◌’ ◌ʲ
kʷ	kʷ	53	◌k ◌ʷ
kʷʰ	kʷʰ	9	◌k ◌ʷ ◌ʰ
kʼʷ	kʷʼ	10	◌k ◌ʼ ◌ʷ
kʷˀ	kʷˀ	1	◌k ◌ʷ ◌ˀ
kʷː	kʷː	1	◌k ◌ʷ ◌ː
kʲ	kʸ	1	◌k ◌ʲ
kʼ	kʼ	30	◌k ◌ʼ
kʼʷ	kʼʷ	1	◌k ◌ʼ ◌ʷ
kʼː	kʼː	1	◌k ◌’ ◌ː
kˀ	kˀ	9	◌k ◌ˀ
kʷˀ	kˀʷ	2	◌k ◌ʷ ◌ˀ
kˤ	kˁ	1	◌k ◌ˤ
kː	kː	16	◌k ◌ː
k̰	k̰	1	◌k ◌̰
k	k​	1	◌k
kʷ	k​ʷ​	2	◌k ◌ʷ
kʼ	k’	4	◌k ◌ʼ
l	l	191	◌l
lʲ	lʲ	1	◌l ◌ʲ
lʼ	lʼ	5	◌l ◌’
lˀ	lˀ	2	◌l ◌ˀ
lː	lː	14	◌l ◌ː
l̠ʲ	l̠ʲ	1	◌l ◌̠ ◌ʲ
lʱ	l̤	1	◌l ◌ʱ
l̥	l̥	14	◌l ◌̥
l̪	l̪	3	◌l ◌̪
l̪ː	l̪ː	1	◌l ◌̪ ◌ː
m	m	232	◌m
ⁿb	mb	14	◌ⁿ ◌b
ⁿbʷ	mbʷ	1	◌ⁿ ◌b ◌ʷ
ⁿp	mp	3	◌ⁿ ◌p
ⁿpʰ	mph	1	◌ⁿ ◌p ◌ʰ
mʰ	mʰ	2	◌m ◌ʰ
mʲ	mʲ	1	◌m ◌ʲ
mʷ	mʷ	4	◌m ◌ʷ
mʼʷ	mʷʼ	1	◌m ◌’ ◌ʷ
mʼ	mʼ	6	◌m ◌’
mˀ	mˀ	4	◌m ◌ˀ
mː	mː	14	◌m ◌ː
mˠ	mˠ	1	◌m ◌ˠ
mʱ	m̤	1	◌m ◌ʱ
m̥	m̥	7	◌m ◌̥
n	n	239	◌n
ⁿd	nd	15	◌ⁿ ◌d
ⁿdz	ndz	1	◌ⁿ ◌d ◌z
ⁿɖʐ	ndʐ	1	◌ⁿ ◌ɖ ◌ʐ
ⁿdʑ	ndʑ	1	◌ⁿ ◌d ◌ʑ
ⁿdʒ	nd̠ʒ	1	◌ⁿ ◌d ◌ʒ
ⁿs	ns	2	◌ⁿ ◌s
ⁿt	nt	3	◌ⁿ ◌t
ⁿtʰ	nth	1	◌ⁿ ◌t ◌ʰ
ⁿts	nts	1	◌ⁿ ◌t ◌s
ⁿtsʰ	ntsh	1	◌ⁿ ◌t ◌s ◌ʰ
ⁿtɕʰ	ntɕh	1	◌ⁿ ◌t ◌ɕ ◌ʰ
ⁿʈʂʰ	ntʂh	1	◌ⁿ ◌ʈ ◌ʂ ◌ʰ
ⁿtʃ	nt̠ʃ	1	◌ⁿ ◌t ◌ʃ
ⁿz	nz	2	◌ⁿ ◌z
ⁿð	nð	1	◌ⁿ ◌ð
ⁿǂ	nǂ	1	◌ⁿ ◌ǂ
ⁿǃ	nǃ	1	◌ⁿ ◌ǃ
ⁿɟ̟	nɟ̟	1	◌ⁿ ◌ɟ ◌̟
nʲ	nʲ	3	◌n ◌ʲ
nʼ	nʼ	6	◌n ◌’
nˀ	nˀ	4	◌n ◌ˀ
nː	nː	14	◌n ◌ː
n̠ʲ	n̠ʲ	1	◌n ◌̠ ◌ʲ
nʱ	n̤	1	◌n ◌ʱ
n̥	n̥	6	◌n ◌̥
ⁿǀ	n̥ǀ	1	◌ⁿ ◌ǀ
ⁿǁ	n̥ǁ	1	◌ⁿ ◌ǁ
ⁿǂ	n̥ǂ	1	◌ⁿ ◌ǂ
ⁿǃ	n̥ǃ	1	◌ⁿ ◌ǃ
n̪	n̪	2	◌n ◌̪
n̪ː	n̪ː	1	◌n ◌̪ ◌ː
n̻	n̻	1	◌n ◌̻
o	o	152	◌o
oː	o:	1	◌o ◌ː
oa	oa	2	◌o ◌a
oi	oi	4	◌o ◌i
ou	ou	2	◌o ◌u
ou̯	ow	1	◌o ◌u ◌̯
oː	oː	73	◌o ◌ː
oˑ	oˑ	2	◌o ◌ˑ
õ	õ	8	◌o ◌̃
õː	õː	1	◌o ◌̃ ◌ː
o̘	o̘	4	◌o ◌̘
o̞	o̞	1	◌o ◌̞
o̤	o̤	1	◌o ◌̤
o̥	o̥	1	◌o ◌̥
p	p	210	◌p
pʰ	ph	1	◌p ◌ʰ
pˡ	pl	1	◌p ◌ˡ
pʰ	pʰ	36	◌p ◌ʰ
pʲ	pʲ	2	◌p ◌ʲ
pʷ	pʷ	3	◌p ◌ʷ
pʼ	pʼ	24	◌p ◌ʼ
pˀ	pˀ	8	◌p ◌ˀ
pː	pː	13	◌p ◌ː
pʷː	pːʷ	1	◌p ◌ʷ ◌ː
p̰	p̰	1	◌p ◌̰
p	p​	1	◌p
pʰ	p​ʰ​	1	◌p ◌ʰ
q	q	43	◌q
qʰ	qʰ	7	◌q ◌ʰ
qʷ	qʷ	8	◌q ◌ʷ
qʼʷ	qʷʼ	5	◌q ◌ʼ ◌ʷ
qʼ	qʼ	11	◌q ◌ʼ
qˀ	qˀ	7	◌q ◌ˀ
qʷˀ	qˀʷ	3	◌q ◌ʷ ◌ˀ
qː	qː	5	◌q ◌ː
r	r	173	◌r
r̩	r ̩	1	◌r ◌̩
rː	rr	1	◌r ◌ː
rʲ	rʲ	4	◌r ◌ʲ
rʼ	rʼ	2	◌r ◌’
rˀ	rˀ	2	◌r ◌ˀ
rː	rː	9	◌r ◌ː
r̠ʲ	r̠ʲ	2	◌r ◌̠ ◌ʲ
r̥	r̥	7	◌r ◌̥
r̪	r̪	1	◌r ◌̪
r̪ː	r̪ː	1	◌r ◌̪ ◌ː
s	s	207	◌s
sʰ	sʰ	1	◌s ◌ʰ
sʲ	sʲ	10	◌s ◌ʲ
sʲ	sʲ​	1	◌s ◌ʲ
sʼ	sʼ	6	◌s ◌ʼ
sˤ	sˁ	2	◌s ◌ˤ
sˤː	sˁː	1	◌s ◌ˤ ◌ː
sː	sː	10	◌s ◌ː
s̪	s̪	1	◌s ◌̪
s̪ː	s̪ː	1	◌s ◌̪ ◌ː
s̺	s̺	3	◌s ◌̺
s̺ː	s̺ː	3	◌s ◌̺ ◌ː
sʼ	s’	1	◌s ◌ʼ
t	t	233	◌t
tʰ	th	1	◌t ◌ʰ
tʲ	tj	1	◌t ◌ʲ
tˡ	tl	1	◌t ◌ˡ
ts	ts	61	◌t ◌s
tsʰ	tsh	2	◌t ◌s ◌ʰ
tsʰ	tsʰ	12	◌t ◌s ◌ʰ
tsʲ	tsʲ	6	◌t ◌s ◌ʲ
tsʼ	tsʼ	13	◌t ◌s ◌ʼ
tsˀ	tsˀ	4	◌t ◌s ◌ˀ
tsː	tsː	2	◌t ◌s ◌ː
ts̪	ts̪	1	◌t ◌s ◌̪
ts̪ʼ	ts̪ʼ	1	◌t ◌s ◌̪ ◌ʼ
ts̺	ts̺	1	◌t ◌s ◌̺
tː	tt	2	◌t ◌ː
tɕ	tɕ	7	◌t ◌ɕ
tɕʰ	tɕh	1	◌t ◌ɕ ◌ʰ
tɕʰ	tɕʰ	1	◌t ◌ɕ ◌ʰ
tɕʲ	tɕʲ	2	◌t ◌ɕ ◌ʲ
tɬ	tɬ	6	◌t ◌ɬ
tɬʰ	tɬʰ	1	◌t ◌ɬ ◌ʰ
tɬʼ	tɬʼ	5	◌t ◌ɬ ◌ʼ
tɬː	tɬː	1	◌t ◌ɬ ◌ː
ʈʂ	tʂ	2	◌ʈ ◌ʂ
ʈʂʰ	tʂh	1	◌ʈ ◌ʂ ◌ʰ
ʈʂʰ	tʂʰ	1	◌ʈ ◌ʂ ◌ʰ
ʈʂʼ	tʂʼ	1	◌ʈ ◌ʂ ◌’
tʃʰ	tʃʰ	1	◌t ◌ʃ ◌ʰ
tʃ	tʆ	12	◌t ◌ʃ
tʃʰ	tʆʱ	1	◌t ◌ʃ ◌ʰ
tʰ	tʰ	39	◌t ◌ʰ
tʲ	tʲ	11	◌t ◌ʲ
tʲʰ	tʲʰ	2	◌t ◌ʲ ◌ʰ
tʼʲ	tʲʼ	3	◌t ◌’ ◌ʲ
tʼ	tʼ	32	◌t ◌ʼ
tʼː	tʼː	1	◌t ◌’ ◌ː
tˀ	tˀ	10	◌t ◌ˀ
tˤ	tˁ	2	◌t ◌ˤ
tˤː	tˁː	1	◌t ◌ˤ ◌ː
tː	tː	15	◌t ◌ː
tˠ	tˠ	1	◌t ◌ˠ
tʃ	t̠ʃ	45	◌t ◌ʃ
tʃʰ	t̠ʃh	1	◌t ◌ʃ ◌ʰ
tʃʰ	t̠ʃʰ	6	◌t ◌ʃ ◌ʰ
tʃʲ	t̠ʃʲ	3	◌t ◌ʃ ◌ʲ
tʃʲː	t̠ʃʲː	1	◌t ◌ʃ ◌ʲ ◌ː
tʃʷ	t̠ʃʷ	1	◌t ◌ʃ ◌ʷ
tʃʼ	t̠ʃʼ	7	◌t ◌ʃ ◌ʼ
tʃˀ	t̠ʃˀ	4	◌t ◌ʃ ◌ˀ
tʃʷˀ	t̠ʃˀʷ	1	◌t ◌ʃ ◌ʷ ◌ˀ
tʃː	t̠ʃː	1	◌t ◌ʃ ◌ː
t̠ʲ	t̠ʲ	1	◌t ◌̠ ◌ʲ
t̪	t̪	6	◌t ◌̪
t̪ʰ	t̪ʰ	1	◌t ◌̪ ◌ʰ
t̪ʼ	t̪ʼ	1	◌t ◌̪ ◌ʼ
t̪ː	t̪ː	1	◌t ◌̪ ◌ː
tθʼ	t̪θ̪ʼ	1	◌t ◌θ ◌’
t̰	t̰	1	◌t ◌̰
t̰ʲ	t̰j	1	◌t ◌̰ ◌ʲ
t̻	t̻	1	◌t ◌̻
ts	t͡s	4	◌t ◌s
tsʰ	t͡sʰ	1	◌t ◌s ◌ʰ
tsʲ	t͡sʲ	1	◌t ◌s ◌ʲ
tsʼ	t͡sʼ	2	◌t ◌s ◌ʼ
tɕʰ	t͡ɕʰ	1	◌t ◌ɕ ◌ʰ
tɕʼ	t͡ɕʼ	1	◌t ◌ɕ ◌’
tɬʰ	t͡ɬʰ	1	◌t ◌ɬ ◌ʰ
tɬʼ	t͡ɬʼ	2	◌t ◌ɬ ◌ʼ
ʈʂ	t͡ʂ	2	◌ʈ ◌ʂ
ʈʂʼ	t͡ʂʼ	1	◌ʈ ◌ʂ ◌’
tʃ	t͡ʃ	4	◌t ◌ʃ
tʃʰ	t͡ʃʰ	1	◌t ◌ʃ ◌ʰ
tʃʼ	t͡ʃʼ	2	◌t ◌ʃ ◌ʼ
tθʰ	tθʰ	1	◌t ◌θ ◌ʰ
tʼ	t’	4	◌t ◌ʼ
tʼː	t’ː	1	◌t ◌’ ◌ː
u	u	196	◌u
uː	u:	1	◌u ◌ː
ua	ua	6	◌u ◌a
ui	ui	6	◌u ◌i
ui̯	uj	1	◌u ◌i ◌̯
uo	uo	4	◌u ◌o
uɔ	uɔ	1	◌u ◌ɔ
uə	uə	7	◌u ◌ə
uː	uː	93	◌u ◌ː
uˑ	uˑ	2	◌u ◌ˑ
ũ	ũ	10	◌u ◌̃
ũː	ũː	1	◌u ◌̃ ◌ː
u̘	u̘	4	◌u ◌̘
ũ̘	ũ̘	1	◌u ◌̘ ◌̃
u̝	u̝	3	◌u ◌̝
ṳ	ṳ	1	◌u ◌̤
u̥	u̥	2	◌u ◌̥
v	v	25	◌v
w	w	205	◌w
wʲ	wʲ	1	◌w ◌ʲ
wʼ	wʼ	6	◌w ◌’
wˀ	wˀ	4	◌w ◌ˀ
wː	wː	7	◌w ◌ː
w̥	w̥	3	◌w ◌̥
x	x	72	◌x
xʲ	xʲ	2	◌x ◌ʲ
xʲʷ	xʲʷ	1	◌x ◌ʲ ◌ʷ
xʷ	xʷ	12	◌x ◌ʷ
xʼ	xʼ	1	◌x ◌ʼ
xˀ	xˀ	1	◌x ◌ˀ
y	y	23	◌y
yø	yø	1	◌y ◌ø
yː	yː	13	◌y ◌ː
yˑ	yˑ	1	◌y ◌ˑ
z	z	55	◌z
zʲ	zʲ	1	◌z ◌ʲ
zʼ	zʼ	1	◌z ◌’
zː	zː	2	◌z ◌ː
zˤ	zˤ	1	◌z ◌ˤ
z̪	z̪	1	◌z ◌̪
z̪ː	z̪ː	1	◌z ◌̪ ◌ː
z̪ˤ	z̪ˤ	1	◌z ◌̪ ◌ˤ
z̪ˤː	z̪ˤː	1	◌z ◌̪ ◌ˤ ◌ː
z̺	z̺	1	◌z ◌̺
ã	ã	5	◌a ◌̃
ãː	ãː	2	◌a ◌̃ ◌ː
ä	ä	1	◌a ◌̈
æ	æ	13	◌æ
æː	æː	13	◌æ ◌ː
æ̃ː	æ̃ː	1	◌æ ◌̃ ◌ː
ç	ç	11	◌c ◌̧
çˀ	çˀ	1	◌c ◌̧ ◌ˀ
çː	çː	1	◌c ◌̧ ◌ː
ð	ð	21	◌ð
ðʲ	ðʲ	1	◌ð ◌ʲ
ðˤ	ðˁ	1	◌ð ◌ˤ
ðˤː	ðˁː	1	◌ð ◌ˤ ◌ː
ðː	ðː	2	◌ð ◌ː
ðʲ	ð̪ʲ	5	◌ð ◌ʲ
ðʼ	ð̪ʼ	1	◌ð ◌’
ðʼ	ð’	1	◌ð ◌’
õ	õ	9	◌o ◌̃
õː	õː	4	◌o ◌̃ ◌ː
ø	ø	10	◌ø
øː	øː	9	◌ø ◌ː
ħ	ħ	18	◌ħ
ħʷ	ħʷ​	1	◌ħ ◌ʷ
ħː	ħː	3	◌ħ ◌ː
ĩ	ĩ	6	◌i ◌̃
ĩː	ĩː	2	◌i ◌̃ ◌ː
ŋ	ŋ	123	◌ŋ
ⁿk	ŋk	3	◌ⁿ ◌k
ⁿkʰ	ŋkʰ	1	◌ⁿ ◌k ◌ʰ
ⁿm	ŋm	3	◌ⁿ ◌m
ⁿgb	ŋmɡb	3	◌ⁿ ◌g ◌b
ⁿg	ŋɡ	13	◌ⁿ ◌g
ⁿgʷ	ŋɡʷ	2	◌ⁿ ◌g ◌ʷ
ŋʷ	ŋʷ	10	◌ŋ ◌ʷ
ŋʼʷ	ŋʷʼ	1	◌ŋ ◌’ ◌ʷ
ŋʼ	ŋʼ	3	◌ŋ ◌’
ŋː	ŋː	1	◌ŋ ◌ː
ŋʱ	ŋ̤	1	◌ŋ ◌ʱ
ŋ̊	ŋ̥	2	◌ŋ ◌̊
œ	œ	1	◌œ
œː	œː	4	◌œ ◌ː
ʃ	ś	1	◌ʃ
ũ	ũ	8	◌u ◌̃
ũː	ũː	4	◌u ◌̃ ◌ː
ʒ	ž	1	◌ʒ
ǀ	ǀ	2	◌ǀ
ǀx	ǀx	1	◌ǀ ◌x
ǀxʼ	ǀxʼ	1	◌ǀ ◌x ◌ʼ
ǀʰ	ǀʰ	1	◌ǀ ◌ʰ
ǀʼ	ǀʼ	1	◌ǀ ◌’
ǁ	ǁ	2	◌ǁ
ǁx	ǁx	1	◌ǁ ◌x
ǁxʼ	ǁxʼ	1	◌ǁ ◌x ◌ʼ
ǁʰ	ǁʰ	1	◌ǁ ◌ʰ
ǁ̟	ǁ̟	1	◌ǁ ◌̟
ǂ	ǂ	2	◌ǂ
ǂʼ	ǂʼ	1	◌ǂ ◌’
ǃ	ǃ	1	◌ǃ
ǃx	ǃx	1	◌ǃ ◌x
ǃxʼ	ǃxʼ	1	◌ǃ ◌x ◌ʼ
ǃʰ	ǃʰ	1	◌ǃ ◌ʰ
ǃʼ	ǃʼ	1	◌ǃ ◌’
ə	ǝ	2	◌ə
ɐ	ɐ	6	◌ɐ
ɐː	ɐː	1	◌ɐ ◌ː
ɑ	ɑ	24	◌ɑ
ɑː	ɑ:	2	◌ɑ ◌ː
ɑːi	ɑ:i	1	◌ɑ ◌ː ◌i
ɑːu	ɑ:u	1	◌ɑ ◌ː ◌u
ɑi	ɑi	2	◌ɑ ◌i
ɑu	ɑu	3	◌ɑ ◌u
ɑɯ	ɑɯ	1	◌ɑ ◌ɯ
ɑː	ɑː	15	◌ɑ ◌ː
ɑ̃	ɑ̃	2	◌ɑ ◌̃
ɑ̃ː	ɑ̃ː	1	◌ɑ ◌̃ ◌ː
ɒ	ɒ	1	◌ɒ
ɒː	ɒː	1	◌ɒ ◌ː
ɓ	ɓ	24	◌ɓ
ɔ	ɔ	35	◌ɔ
ɔi	ɔi	1	◌ɔ ◌i
ɔu	ɔu	1	◌ɔ ◌u
ɔː	ɔː	24	◌ɔ ◌ː
ɔ̃	ɔ̃	3	◌ɔ ◌̃
ɔ̤	ɔ̤	1	◌ɔ ◌̤
ɕ	ɕ	7	◌ɕ
ɕʲ	ɕʲ	2	◌ɕ ◌ʲ
ɕʲː	ɕʲː	1	◌ɕ ◌ʲ ◌ː
ɖ	ɖ	7	◌ɖ
ɖʐ	ɖʐ	1	◌ɖ ◌ʐ
ɗ	ɗ	23	◌ɗ
ɘ	ɘ	29	◌ɘ
ɘː	ɘː	3	◌ɘ ◌ː
ɘ̃	ɘ̃	1	◌ɘ ◌̃
ə	ə	24	◌ə
əe	əe	1	◌ə ◌e
əi	əi	2	◌ə ◌i
əi̯	əj	1	◌ə ◌i ◌̯
əo	əo	1	◌ə ◌o
əu	əu	2	◌ə ◌u
əu̯	əw	1	◌ə ◌u ◌̯
əɛ	əɛ	1	◌ə ◌ɛ
əː	əː	7	◌ə ◌ː
ə̃	ə̃	2	◌ə ◌̃
ə̃ː	ə̃ː	1	◌ə ◌̃ ◌ː
ə̄	ə̄	1	◌ə ◌̄
ə̘	ə̘	1	◌ə ◌̘
ɛ	ɛ	33	◌ɛ
ɛi	ɛi	2	◌ɛ ◌i
ɛu	ɛu	1	◌ɛ ◌u
ɛː	ɛː	17	◌ɛ ◌ː
ɛ̃	ɛ̃	4	◌ɛ ◌̃
ɜ	ɜ	7	◌ɜ
ɜi	ɜi	1	◌ɜ ◌i
ɜu	ɜu	1	◌ɜ ◌u
ɜː	ɜː	10	◌ɜ ◌ː
ɟ	ɟ	47	◌ɟ
ɟʝ	ɟʝ	2	◌ɟ ◌ʝ
ɟʰ	ɟʰ	1	◌ɟ ◌ʰ
ɟː	ɟː	1	◌ɟ ◌ː
ɟ̈ʱ	ɟ̈ʱ	1	◌ɟ ◌̈ ◌ʱ
ɟ̟	ɟ̟	1	◌ɟ ◌̟
ɟʝ	ɟ͡ʝ	1	◌ɟ ◌ʝ
ɠ	ɠ	5	◌ɠ
ɠʷ	ɠʷ	1	◌ɠ ◌ʷ
g	ɡ	107	◌g
gb	ɡb	8	◌g ◌b
gbʰ	ɡbʰ	1	◌g ◌b ◌ʰ
gǀ	ɡǀ	1	◌g ◌ǀ
gǁ	ɡǁ	1	◌g ◌ǁ
gǃ	ɡǃ	1	◌g ◌ǃ
gʰ	ɡʰ	3	◌g ◌ʰ
gʷʰ	ɡʰʷ	1	◌g ◌ʷ ◌ʰ
gʲ	ɡʲ	4	◌g ◌ʲ
gʲʷ	ɡʲʷ	1	◌g ◌ʲ ◌ʷ
gʷ	ɡʷ	24	◌g ◌ʷ
gʷʰ	ɡʷʰ	1	◌g ◌ʷ ◌ʰ
gʲ	ɡʸ	1	◌g ◌ʲ
gː	ɡː	2	◌g ◌ː
gʱ	ɡ̈ʱ	1	◌g ◌ʱ
g̊	ɡ̊	1	◌g ◌̊
ɢ	ɢ	10	◌ɢ
ɢʷ	ɢʷ	2	◌ɢ ◌ʷ
ɢː	ɢː	1	◌ɢ ◌ː
ɣ	ɣ	38	◌ɣ
ɣʷ	ɣʷ	5	◌ɣ ◌ʷ
ɣˀ	ɣˀ	1	◌ɣ ◌ˀ
ɣː	ɣː	2	◌ɣ ◌ː
ɤ	ɤ	5	◌ɤ
ɤː	ɤː	4	◌ɤ ◌ː
ɤ̤	ɤ̤	1	◌ɤ ◌̤
ɥ	ɥ	1	◌ɥ
ɦ	ɦ	4	◌ɦ
ɨ	ɨ	40	◌ɨ
ɨa	ɨa	1	◌ɨ ◌a
ɨe	ɨe	1	◌ɨ ◌e
ɨː	ɨː	14	◌ɨ ◌ː
ɨ̃	ɨ̃	6	◌ɨ ◌̃
ɨ̃ː	ɨ̃ː	1	◌ɨ ◌̃ ◌ː
ɨ̆	ɨ̆	1	◌ɨ ◌̆
ɨ̥	ɨ̥	2	◌ɨ ◌̥
ɪ	ɪ	11	◌ɪ
ɪ̃	ɪ̃	1	◌ɪ ◌̃
lˠ	ɫ	3	◌l ◌ˠ
ɬ	ɬ	29	◌ɬ
ɬʼ	ɬʼ	2	◌ɬ ◌ʼ
ɬˀ	ɬˀ	2	◌ɬ ◌ˀ
ɬʷˀ	ɬˀʷ	1	◌ɬ ◌ʷ ◌ˀ
ɬˤ	ɬˁ	1	◌ɬ ◌ˤ
ɬː	ɬː	2	◌ɬ ◌ː
ɬˤ	ɬˤ	1	◌ɬ ◌ˤ
ɬʼ	ɬ’	1	◌ɬ ◌ʼ
ɬʼː	ɬ’ː	1	◌ɬ ◌’ ◌ː
ɭ	ɭ	10	◌ɭ
ɭ̊	ɭ̥	2	◌ɭ ◌̊
ɮ	ɮ	2	◌ɮ
ɯ	ɯ	7	◌ɯ
ɯə	ɯə	2	◌ɯ ◌ə
ɯː	ɯː	8	◌ɯ ◌ː
ɯ̃	ɯ̃	1	◌ɯ ◌̃
ɰ	ɰ	4	◌ɰ
ɰʷ	ɰʷ	1	◌ɰ ◌ʷ
ɰʼ	ɰʼ	1	◌ɰ ◌’
ɰʼʷ	ɰʼʷ	1	◌ɰ ◌’ ◌ʷ
ɲ	ɲ	81	◌ɲ
ⁿc	ɲc	1	◌ⁿ ◌c
ⁿɟ	ɲɟ	4	◌ⁿ ◌ɟ
ɲˀ	ɲˀ	1	◌ɲ ◌ˀ
ɲː	ɲː	1	◌ɲ ◌ː
ɲ̊	ɲ̥	4	◌ɲ ◌̊
ɳ	ɳ	9	◌ɳ
ⁿɖ	ɳɖ	1	◌ⁿ ◌ɖ
ɵ	ɵ	3	◌ɵ
ɵː	ɵː	1	◌ɵ ◌ː
ɵ̆	ɵ̆	1	◌ɵ ◌̆
ɶː	ɶː	1	◌ɶ ◌ː
ɸ	ɸ	7	◌ɸ
ɹ	ɹ	8	◌ɹ
ɺ	ɺ	1	◌ɺ
ɻ	ɻ	6	◌ɻ
ɽ	ɽ	9	◌ɽ
ɽˀ	ɽˀ	1	◌ɽ ◌ˀ
ɾ	ɾ	13	◌ɾ
ʀ	ʀ	16	◌ʀ
ʁ	ʁ	4	◌ʁ
ʁʷ	ʁʷ	2	◌ʁ ◌ʷ
ʂ	ʂ	9	◌ʂ
ʂʼ	ʂʼ	2	◌ʂ ◌’
ʃ	ʃ	64	◌ʃ
ʃʲ	ʃʲ	1	◌ʃ ◌ʲ
ʃʲː	ʃʲː	1	◌ʃ ◌ʲ ◌ː
ʃʼ	ʃʼ	3	◌ʃ ◌ʼ
ʃː	ʃː	4	◌ʃ ◌ː
ʄ	ʄ	9	◌ʄ
ʄ̟	ʄ̟	1	◌ʄ ◌̟
ʃʲ	ʆ	8	◌ʃ ◌ʲ
ʈ	ʈ	15	◌ʈ
ʈʂ	ʈʂ	4	◌ʈ ◌ʂ
ʈʂʼ	ʈʂʼ	1	◌ʈ ◌ʂ ◌’
ʈʂʰ	ʈʂ͇ʰ	1	◌ʈ ◌ʂ ◌ʰ
ʈʰ	ʈʰ	3	◌ʈ ◌ʰ
ʈʼ	ʈʼ	3	◌ʈ ◌’
ʈˀ	ʈˀ	1	◌ʈ ◌ˀ
ʈː	ʈː	1	◌ʈ ◌ː
ʉ	ʉ	2	◌ʉ
ʊ	ʊ	13	◌ʊ
ʊ̃	ʊ̃	1	◌ʊ ◌̃
ʋ	ʋ	5	◌ʋ
ʌ	ʌ	1	◌ʌ
ʌː	ʌː	2	◌ʌ ◌ː
ʌ̃	ʌ̃	3	◌ʌ ◌̃
ʌ̃ː	ʌ̃ː	3	◌ʌ ◌̃ ◌ː
ʍ	ʍ	1	◌ʍ
ʎ	ʎ	27	◌ʎ
ʎˀ	ʎˀ	1	◌ʎ ◌ˀ
ʎ̥	ʎ̥	4	◌ʎ ◌̥
ʏ	ʏ	4	◌ʏ
ʐ	ʐ	2	◌ʐ
ʑ	ʑ	5	◌ʑ
ʒ	ʒ	13	◌ʒ
ʒʼ	ʒʼ	1	◌ʒ ◌’
ʒ	ʓ	4	◌ʒ
ʔ	ʔ	113	◌ʔ
ˀb	ʔb	2	◌ˀ ◌b
ˀd	ʔd	1	◌ˀ ◌d
ˀj	ʔj	4	◌ˀ ◌j
ˀl	ʔl	1	◌ˀ ◌l
ˀm	ʔm	2	◌ˀ ◌m
ˀn	ʔn	2	◌ˀ ◌n
ˀr	ʔr	1	◌ˀ ◌r
ˀt	ʔt	1	◌ˀ ◌t
ˀw	ʔw	1	◌ˀ ◌w
ˀŋ	ʔŋ	2	◌ˀ ◌ŋ
ˀɲ	ʔɲ	1	◌ˀ ◌ɲ
ʔʷ	ʔʷ	4	◌ʔ ◌ʷ
ʔː	ʔː	3	◌ʔ ◌ː
ʕ	ʕ	15	◌ʕ
ˀɦ	ʕɦ	1	◌ˀ ◌ɦ
ʕʷ	ʕʷ	1	◌ʕ ◌ʷ
ʕʼ	ʕʼ	1	◌ʕ ◌’
ʕː	ʕː	2	◌ʕ ◌ː
ʛ	ʛ	1	◌ʛ
ʛ̥	ʛ̥	1	◌ʛ ◌̥
ʜ	ʜ	1	◌ʜ
ʝ	ʝ	5	◌ʝ
ʟ	ʟ	3	◌ʟ
ʡ	ʡ	1	◌ʡ
ʢ	ʢ	1	◌ʢ
dz	ʣ	4	◌d ◌z
dzː	ʣː	1	◌d ◌z ◌ː
dʒ	ʤ	2	◌d ◌ʒ
ts	ʦ	14	◌t ◌s
tsʼ	ʦʼ	1	◌t ◌s ◌ʼ
tsʼː	ʦʼː	1	◌t ◌s ◌’ ◌ː
tsː	ʦː	5	◌t ◌s ◌ː
tsʰ	ʦ​ʰ​	1	◌t ◌s ◌ʰ
tsʼ	ʦ’	3	◌t ◌s ◌ʼ
tsʼː	ʦ’ː	1	◌t ◌s ◌’ ◌ː
tʃ	ʧ	2	◌t ◌ʃ
tʃʰ	ʧʰ	1	◌t ◌ʃ ◌ʰ
ʰj	ʰj	1	◌ʰ ◌j
ʰk	ʰk	1	◌ʰ ◌k
ʰl	ʰl	1	◌ʰ ◌l
ʰm	ʰm	1	◌ʰ ◌m
ʰn	ʰn	1	◌ʰ ◌n
ʰp	ʰp	1	◌ʰ ◌p
ʰt	ʰt	1	◌ʰ ◌t
ʰw	ʰw	1	◌ʰ ◌w
ʰŋ	ʰŋ	1	◌ʰ ◌ŋ
ʰɲ	ʰɲ	1	◌ʰ ◌ɲ
ˀj	ʼj	1	◌ˀ ◌j
ˀw	ʼw	1	◌ˀ ◌w
ˀc	ˀc	1	◌ˀ ◌c
ˀk	ˀk	1	◌ˀ ◌k
ˀp	ˀp	1	◌ˀ ◌p
ˀt	ˀt	1	◌ˀ ◌t
β	β	15	◌β
βː	βː	1	◌β ◌ː
θ	θ	16	◌θ
θʼ	θʼ	1	◌θ ◌’
θˤ	θˁ	2	◌θ ◌ˤ
θˤː	θˁː	1	◌θ ◌ˤ ◌ː
θː	θː	4	◌θ ◌ː
θ	θ̪	6	◌θ
θʼ	θ̪ʼ	1	◌θ ◌’
θʼ	θ’	1	◌θ ◌’
θʼː	θ’ː	1	◌θ ◌’ ◌ː
χ	χ	20	◌χ
χʷ	χʷ	5	◌χ ◌ʷ
χʼʷ	χʷʼ	3	◌χ ◌’ ◌ʷ
χː	χː	3	◌χ ◌ː
ⁿb	ᵐb	2	◌ⁿ ◌b
ⁿp	ᵐp	1	◌ⁿ ◌p
ⁿw	ᵐw	1	◌ⁿ ◌w
ⁿk	ᵑk	2	◌ⁿ ◌k
ⁿkʷ	ᵑkʷ	1	◌ⁿ ◌k ◌ʷ
ⁿg	ᵑɡ	1	◌ⁿ ◌g
ⁿgʷ	ᵑɡʷ	1	◌ⁿ ◌g ◌ʷ
ⁿʈ	ᶯʈ	1	◌ⁿ ◌ʈ
ḁ	ḁ	1	◌a ◌̥
ɖ	ḍ	1	◌ɖ
ḭ	ḭ	1	◌i ◌̰
ḭː	ḭː	1	◌i ◌̰ ◌ː
n̩	ṇ	1	◌n ◌̩
ɽ	ṛ	1	◌ɽ
ʂ	ṣ	7	◌ʂ
ʈ	ṭ	5	◌ʈ
ʈʰ	ṭʰ	1	◌ʈ ◌ʰ
ʈʼ	ṭʼ	1	◌ʈ ◌’
ʈʂ	ṭṣ	2	◌ʈ ◌ʂ
ṵ	ṵ	1	◌u ◌̰
ṵː	ṵː	1	◌u ◌̰ ◌ː
ʐ	ẓ	1	◌ʐ
ẽ	ẽ	8	◌e ◌̃
ẽː	ẽː	4	◌e ◌̃ ◌ː
ⁿd	ⁿd	1	◌ⁿ ◌d
ⁿdz	ⁿdz	1	◌ⁿ ◌d ◌z
ⁿr	ⁿr	1	◌ⁿ ◌r
ⁿt	ⁿt	2	◌ⁿ ◌t
ⁿts	ⁿts	1	◌ⁿ ◌t ◌s
ⁿtʲ	ⁿtʲ	1	◌ⁿ ◌t ◌ʲ
ⁿɬ	ⁿɬ	1	◌ⁿ ◌ɬ
