BIPA	GRAPHEME	ID	SYMBOLS
<NA>	aʰ	345	
<NA>	eʰ	289	
<NA>	iʰ	250	
<NA>	k̪	40	
<NA>	laryngeal_harmony	356	
<NA>	nasal_harmony	355	
<NA>	oʰ	306	
<NA>	pʲʰ	69	
<NA>	tone	354	
<NA>	tˣ	16	
<NA>	t̪ʙ	13	
<NA>	uʰ	275	
ɴ	N	157	◌ɴ
a	a	336	◌a
aĭ	aʲ	342	◌a ◌i ◌̆
aːĭ	aʲː	344	◌a ◌ː ◌i ◌̆
aː	aː	340	◌a ◌ː
ã	ã	337	◌a ◌̃
ãi	ãʲ	343	◌a ◌̃ ◌i
ãː	ãː	341	◌a ◌̃ ◌ː
a̰	a̰	338	◌a ◌̰
ã̰	ã̰	339	◌a ◌̰ ◌̃
b	b	6	◌b
bˢ	bz	10	◌b ◌ˢ
bʲ	bʲ	8	◌b ◌ʲ
bʷ	bʷ	9	◌b ◌ʷ
bː	bː	7	◌b ◌ː
b̰	b̰	85	◌b ◌̰
bβ	bβ	11	◌b ◌β
c	c	28	◌c
cç	cç	60	◌c ◌c ◌̧
cʰ	cʰ	76	◌c ◌ʰ
cʼ	cʼ	95	◌c ◌ʼ
ç	ç	181	◌c ◌̧
c̰	c̰	96	◌c ◌̰
d	d	23	◌d
dz	dz	53	◌d ◌z
dʒ	dʒ	56	◌d ◌ʒ
dʰ	dʰ	74	◌d ◌ʰ
dʲ	dʲ	25	◌d ◌ʲ
dː	dː	24	◌d ◌ː
d̪	d̪	14	◌d ◌̪
d̪ʰ	d̪ʰ	71	◌d ◌̪ ◌ʰ
d̰	d̰	92	◌d ◌̰
e	e	283	◌e
eu	eu	290	◌e ◌u
eː	eː	287	◌e ◌ː
ẽ	ẽ	284	◌e ◌̃
ẽː	ẽː	288	◌e ◌̃ ◌ː
ḛ	ḛ	285	◌e ◌̰
ḛ̃	ḛ̃	286	◌e ◌̰ ◌̃
f	f	163	◌f
fʷ	fʷ	162	◌f ◌ʷ
h	h	192	◌h
hʲ	hʲ	194	◌h ◌ʲ
hʷ	hʷ	195	◌h ◌ʷ
h̃	h̃	193	◌h ◌̃
i	i	244	◌i
iː	iː	248	◌i ◌ː
ĩ	ĩ	245	◌i ◌̃
ĩː	ĩː	249	◌i ◌̃ ◌ː
ḭ	ḭ	246	◌i ◌̰
ḭ̃	ḭ̃	247	◌i ◌̰ ◌̃
j	j	202	◌j
jʼ	jʼ	205	◌j ◌’
jː	jː	207	◌j ◌ː
j̃	j̃	203	◌j ◌̃
j̊	j̥	204	◌j ◌̊
j̰	j̰	206	◌j ◌̰
k	k	32	◌k
kˡ	kl	232	◌k ◌ˡ
kp	kp	42	◌k ◌p
kʰ	kʰ	77	◌k ◌ʰ
kʲ	kʲ	33	◌k ◌ʲ
kʲʰ	kʲʰ	78	◌k ◌ʲ ◌ʰ
kʼʲ	kʲʼ	99	◌k ◌’ ◌ʲ
kʷ	kʷ	38	◌k ◌ʷ
kʲʷ	kʷʲ	41	◌k ◌ʲ ◌ʷ
kʼʷ	kʷʼ	100	◌k ◌ʼ ◌ʷ
kʷː	kʷː	39	◌k ◌ʷ ◌ː
k̰ʷ	kʷ̰	102	◌k ◌̰ ◌ʷ
k̰ʷ	kʷ◌̰	103	◌k ◌̰ ◌ʷ
kʼ	kʼ	98	◌k ◌ʼ
kː	kː	36	◌k ◌ː
kx	kˣ	34	◌k ◌x
k̰	k̰	101	◌k ◌̰
l	l	223	◌l
lʲ	lʲ	224	◌l ◌ʲ
lʼ	lʼ	225	◌l ◌’
lː	lː	226	◌l ◌ː
l̥	l̥	220	◌l ◌̥
l̪	l̪	219	◌l ◌̪
m	m	134	◌m
ⁿb	mb	113	◌ⁿ ◌b
ⁿbʲ	mbʲ	114	◌ⁿ ◌b ◌ʲ
ⁿp	mp	110	◌ⁿ ◌p
ⁿpʲ	mpʲ	111	◌ⁿ ◌p ◌ʲ
ⁿɸʲ	mɸʲ	112	◌ⁿ ◌ɸ ◌ʲ
mʰ	mʰ	132	◌m ◌ʰ
mʲ	mʲ	137	◌m ◌ʲ
mʷ	mʷ	138	◌m ◌ʷ
mʼ	mʼ	135	◌m ◌’
mː	mː	139	◌m ◌ː
m̥	m̥	133	◌m ◌̥
m̰	m̰	136	◌m ◌̰
n	n	145	◌n
ⁿd	nd	119	◌ⁿ ◌d
ⁿdz	ndz	129	◌ⁿ ◌d ◌z
ⁿdzʲ	ndzʲ	130	◌ⁿ ◌d ◌z ◌ʲ
ⁿdʒ	ndʒ	125	◌ⁿ ◌d ◌ʒ
ⁿdʲ	ndʲ	120	◌ⁿ ◌d ◌ʲ
ⁿs	ns	117	◌ⁿ ◌s
ⁿsʲ	nsʲ	118	◌ⁿ ◌s ◌ʲ
ⁿt	nt	115	◌ⁿ ◌t
ⁿts	nts	128	◌ⁿ ◌t ◌s
ⁿtʃ	ntʃ	124	◌ⁿ ◌t ◌ʃ
ⁿtʲ	ntʲ	116	◌ⁿ ◌t ◌ʲ
nʰ	nʰ	143	◌n ◌ʰ
nʲ	nʲ	146	◌n ◌ʲ
nː	nː	147	◌n ◌ː
n̥	n̥	144	◌n ◌̥
n̪	n̪	141	◌n ◌̪
n̰	n̰	148	◌n ◌̰
o	o	300	◌o
oĭ	oʲ	307	◌o ◌i ◌̆
oː	oː	304	◌o ◌ː
õ	õ	303	◌o ◌̃
õĭ	õʲ	308	◌o ◌̃ ◌i ◌̆
õː	õː	305	◌o ◌̃ ◌ː
o̝	o̝	309	◌o ◌̝
o̰	o̰	302	◌o ◌̰
õ̰	õ̰	301	◌o ◌̰ ◌̃
p	p	0	◌p
pˢ	ps	4	◌p ◌ˢ
pʰ	pʰ	68	◌p ◌ʰ
pʲ	pʲ	2	◌p ◌ʲ
pʷ	pʷ	3	◌p ◌ʷ
pʼ	pʼ	84	◌p ◌ʼ
pː	pː	1	◌p ◌ː
q	q	46	◌q
qʰ	qʰ	79	◌q ◌ʰ
qʷ	qʷ	47	◌q ◌ʷ
qʼ	qʼ	105	◌q ◌ʼ
r	r	241	◌r
r̥	r̥	240	◌r ◌̥
s	s	169	◌s
sʰ	sʰ	172	◌s ◌ʰ
sʲ	sʲ	170	◌s ◌ʲ
sʼ	sʼ	171	◌s ◌ʼ
s̪	s̪	166	◌s ◌̪
s̺	s̺	173	◌s ◌̺
t	t	15	◌t
ts	ts	51	◌t ◌s
tsʰ	tsʰ	80	◌t ◌s ◌ʰ
tsʲ	tsʲ	52	◌t ◌s ◌ʲ
tsʲʰ	tsʲʰ	81	◌t ◌s ◌ʲ ◌ʰ
tsʼ	tsʼ	106	◌t ◌s ◌ʼ
tɕ	tɕ	59	◌t ◌ɕ
tʃ	tʃ	54	◌t ◌ʃ
tʃʰ	tʃʰ	82	◌t ◌ʃ ◌ʰ
tʃʲ	tʃʲ	55	◌t ◌ʃ ◌ʲ
tʃʼ	tʃʼ	108	◌t ◌ʃ ◌ʼ
tʰ	tʰ	72	◌t ◌ʰ
tʲ	tʲ	19	◌t ◌ʲ
tʲʰ	tʲʰ	73	◌t ◌ʲ ◌ʰ
tʼʲ	tʲʼ	89	◌t ◌’ ◌ʲ
tʷ	tʷ	20	◌t ◌ʷ
tʼ	tʼ	88	◌t ◌ʼ
tː	tː	18	◌t ◌ː
t̪	t̪	12	◌t ◌̪
t̪ʰ	t̪ʰ	70	◌t ◌̪ ◌ʰ
t̪ʼ	t̪ʼ	87	◌t ◌̪ ◌ʼ
t̰	t̰	90	◌t ◌̰
t̺	t̺	21	◌t ◌̺
t̰	t◌̰	91	◌t ◌̰
u	u	269	◌u
uː	uː	273	◌u ◌ː
ũ	ũ	270	◌u ◌̃
ũː	ũː	274	◌u ◌̃ ◌ː
ṵ	ṵ	271	◌u ◌̰
ṵ̃	ṵ̃	272	◌u ◌̰ ◌̃
v	v	164	◌v
w	w	211	◌w
wʰ	wʰ	210	◌w ◌ʰ
wʲ	wʲ	215	◌w ◌ʲ
wʼ	wʼ	213	◌w ◌’
wː	wː	216	◌w ◌ː
w̃	w̃	212	◌w ◌̃
w̰	w̰	214	◌w ◌̰
x	x	183	◌x
xˡ	xl	185	◌x ◌ˡ
xʲ	xʲ	184	◌x ◌ʲ
xʷ	xʷ	186	◌x ◌ʷ
y	y	251	◌y
ỹ	ỹ	252	◌y ◌̃
z	z	174	◌z
æ	æ	331	◌æ
æː	æː	333	◌æ ◌ː
æ̃	æ̃	332	◌æ ◌̃
æ̃ː	æ̃ː	334	◌æ ◌̃ ◌ː
ð	ð	168	◌ð
ɹ̪	ð̞	198	◌ɹ ◌̪
ø	ø	291	◌ø
øː	øː	292	◌ø ◌ː
ø̃	ø̃	293	◌ø ◌̃
ŋ	ŋ	154	◌ŋ
ⁿk	ŋk	121	◌ⁿ ◌k
ⁿg	ŋɡ	122	◌ⁿ ◌g
ⁿgʷ	ŋɡʷ	123	◌ⁿ ◌g ◌ʷ
ŋʷ	ŋʷ	155	◌ŋ ◌ʷ
ŋ̊	ŋ̥	156	◌ŋ ◌̊
œ	œ	320	◌œ
œ̃	œ̃	321	◌œ ◌̃
ɐ̃	ɐ̃	335	◌ɐ ◌̃
ɑ	ɑ	346	◌ɑ
ɑː	ɑː	349	◌ɑ ◌ː
ɑ̃	ɑ̃	347	◌ɑ ◌̃
ɑ̰	ɑ̰	348	◌ɑ ◌̰
ɒ	ɒ	350	◌ɒ
ɒː	ɒː	352	◌ɒ ◌ː
ɒ̃	ɒ̃	351	◌ɒ ◌̃
ɒ̃ː	ɒ̃ː	353	◌ɒ ◌̃ ◌ː
ɓ	ɓ	63	◌ɓ
ɓ̥	ɓ̥	62	◌ɓ ◌̥
ɔ	ɔ	327	◌ɔ
ɔː	ɔː	329	◌ɔ ◌ː
ɔ̃	ɔ̃	328	◌ɔ ◌̃
ɔ̃ː	ɔ̃ː	330	◌ɔ ◌̃ ◌ː
ɕ	ɕ	180	◌ɕ
ɖ	ɖ	27	◌ɖ
ɖʐ	ɖʐ	58	◌ɖ ◌ʐ
ɗ	ɗ	65	◌ɗ
ɗ̥	ɗ̥	64	◌ɗ ◌̥
ɘ	ɘ	294	◌ɘ
ə	ə	310	◌ə
əː	əː	314	◌ə ◌ː
ə̃	ə̃	311	◌ə ◌̃
ə̃ː	ə̃ː	315	◌ə ◌̃ ◌ː
ə̰	ə̰	312	◌ə ◌̰
ə̰̃	ə̰̃	313	◌ə ◌̰ ◌̃
ɛ	ɛ	316	◌ɛ
ɛː	ɛː	318	◌ɛ ◌ː
ɛ̃	ɛ̃	317	◌ɛ ◌̃
ɛ̃ː	ɛ̃ː	319	◌ɛ ◌̃ ◌ː
ɜ	ɜ	322	◌ɜ
ɟ	ɟ	31	◌ɟ
ɟʝ	ɟʝ	61	◌ɟ ◌ʝ
ɟ̰	ɟ̰	97	◌ɟ ◌̰
ɠ	ɠ	67	◌ɠ
g	ɡ	43	◌g
gʷ	ɡʷ	45	◌g ◌ʷ
gː	ɡː	44	◌g ◌ː
g̰	ɡ̰	104	◌g ◌̰
ɢ	ɢ	48	◌ɢ
ɣ	ɣ	187	◌ɣ
ɣʷ	ɣʷ	188	◌ɣ ◌ʷ
ɤ	ɤ	297	◌ɤ
ɤː	ɤː	299	◌ɤ ◌ː
ɤ̃	ɤ̃	298	◌ɤ ◌̃
ɨ	ɨ	253	◌ɨ
ɨi	ɨi	259	◌ɨ ◌i
ɨː	ɨː	256	◌ɨ ◌ː
ɨ̃	ɨ̃	254	◌ɨ ◌̃
ɨ̃ː	ɨ̃ː	257	◌ɨ ◌̃ ◌ː
ɨ̘	ɨ̘	258	◌ɨ ◌̘
ɨ̰	ɨ̰	255	◌ɨ ◌̰
ɪ	ɪ	276	◌ɪ
ɪː	ɪː	278	◌ɪ ◌ː
ɪ̃	ɪ̃	277	◌ɪ ◌̃
ɬ	ɬ	221	◌ɬ
ɭ	ɭ	229	◌ɭ
ɭʲ	ɭʲ	230	◌ɭ ◌ʲ
ɮ	ɮ	228	◌ɮ
ɯ	ɯ	263	◌ɯ
ɯi	ɯi	268	◌ɯ ◌i
ɯː	ɯː	266	◌ɯ ◌ː
ɯ̃	ɯ̃	264	◌ɯ ◌̃
ɯ̃ː	ɯ̃ː	267	◌ɯ ◌̃ ◌ː
ɯ̰	ɯ̰	265	◌ɯ ◌̰
ɰ	ɰ	208	◌ɰ
ɱ	ɱ	140	◌ɱ
ɲ	ɲ	150	◌ɲ
ɲʰ	ɲʰ	149	◌ɲ ◌ʰ
ɲː	ɲː	152	◌ɲ ◌ː
ɲ̊	ɲ̥	153	◌ɲ ◌̊
ɲ̰	ɲ̰	151	◌ɲ ◌̰
ⁿɖʐ	ɳɖʐ	127	◌ⁿ ◌ɖ ◌ʐ
ⁿʈʂ	ɳʈʂ	126	◌ⁿ ◌ʈ ◌ʂ
ɵ	ɵ	295	◌ɵ
ɵː	ɵː	296	◌ɵ ◌ː
ɸ	ɸ	158	◌ɸ
ɸʲ	ɸʲ	159	◌ɸ ◌ʲ
ɹ	ɹ	199	◌ɹ
ɺ	ɺ	227	◌ɺ
ɺ̥	ɺ̥	222	◌ɺ ◌̥
ɻ	ɻ	200	◌ɻ
ɽ	ɽ	239	◌ɽ
ɽʰ	ɽʰ	238	◌ɽ ◌ʰ
ɾ	ɾ	234	◌ɾ
ɾʲ	ɾʲ	236	◌ɾ ◌ʲ
ɾ̃	ɾ̃	235	◌ɾ ◌̃
ʀ	ʀ	242	◌ʀ
ʁ	ʁ	191	◌ʁ
ʂ	ʂ	175	◌ʂ
ʃ	ʃ	177	◌ʃ
ʄ	ʄ	66	◌ʄ
ʈ	ʈ	26	◌ʈ
ʈʂ	ʈʂ	57	◌ʈ ◌ʂ
ʈʂʰ	ʈʂʰ	83	◌ʈ ◌ʂ ◌ʰ
ʈʂʼ	ʈʂʼ	109	◌ʈ ◌ʂ ◌’
ʈʰ	ʈʰ	75	◌ʈ ◌ʰ
ʈʼ	ʈʼ	94	◌ʈ ◌’
ʉ	ʉ	260	◌ʉ
ʉː	ʉː	262	◌ʉ ◌ː
ʉ̃	ʉ̃	261	◌ʉ ◌̃
ʊ	ʊ	280	◌ʊ
ʊː	ʊː	282	◌ʊ ◌ː
ʊ̃	ʊ̃	281	◌ʊ ◌̃
ʋ	ʋ	197	◌ʋ
ʌ	ʌ	323	◌ʌ
ʌː	ʌː	325	◌ʌ ◌ː
ʌ̃	ʌ̃	324	◌ʌ ◌̃
ʌ̃ː	ʌ̃ː	326	◌ʌ ◌̃ ◌ː
ʎ	ʎ	231	◌ʎ
ʏ	ʏ	279	◌ʏ
ʐ	ʐ	176	◌ʐ
ʒ	ʒ	178	◌ʒ
ʒ̺	ʒ̺	179	◌ʒ ◌̺
ʔ	ʔ	49	◌ʔ
ˀb	ʔb	86	◌ˀ ◌b
ˀd	ʔd	93	◌ˀ ◌d
ˀdʒ	ʔdʒ	107	◌ˀ ◌d ◌ʒ
ˀw	ʔw	217	◌ˀ ◌w
ˀɾ	ʔɾ	237	◌ˀ ◌ɾ
ʔʲ	ʔʲ	50	◌ʔ ◌ʲ
ʕ	ʕ	218	◌ʕ
ʙ	ʙ	243	◌ʙ
ʝ	ʝ	182	◌ʝ
ʰb	ʰb	5	◌ʰ ◌b
ʰc	ʰc	29	◌ʰ ◌c
ʰd	ʰd	22	◌ʰ ◌d
ʰj	ʰj	201	◌ʰ ◌j
ʰk	ʰk	35	◌ʰ ◌k
ʰkʷ	ʰkʷ	37	◌ʰ ◌k ◌ʷ
ʰm	ʰm	131	◌ʰ ◌m
ʰn	ʰn	142	◌ʰ ◌n
ʰt	ʰt	17	◌ʰ ◌t
ʰw	ʰw	209	◌ʰ ◌w
ʰɟ	ʰɟ	30	◌ʰ ◌ɟ
ʰɾ	ʰɾ	233	◌ʰ ◌ɾ
β	β	160	◌β
βʲ	βʲ	161	◌β ◌ʲ
β̞	β̞	196	◌β ◌̞
θ	θ	165	◌θ
θʲ	θʲ	167	◌θ ◌ʲ
χ	χ	189	◌χ
χʷ	χʷ	190	◌χ ◌ʷ
